COMPETITOR_ID,CHAIN_NAME,PREFECTURE,CITY,LATITUDE,LONGITUDE,FLOOR_AREA_SQM
C0001,ミニストップ,千葉県,千葉市中央区,35.627881,140.098272,68
C0002,ファミリーマート,千葉県,柏市,35.854484,139.956972,138
C0003,ファミリーマート,福岡県,福岡市博多区,33.583873,130.43601,111
C0004,ミニストップ,東京都,八王子市,35.637954,139.306837,112
C0005,ローソン,千葉県,船橋市,35.692432,139.960222,68
C0006,ローソン,東京都,千代田区,35.686766,139.730045,87
C0007,ローソン,東京都,江東区,35.654229,139.802771,82
C0008,セブン-イレブン,東京都,江東区,35.668437,139.812146,152
C0009,ファミリーマート,福岡県,福岡市博多区,33.584036,130.418044,40
C0010,ローソン,大阪府,豊中市,34.794249,135.488245,59
C0011,ローソン,神奈川県,川崎市中原区,35.557764,139.678002,87
C0012,ファミリーマート,東京都,千代田区,35.672068,139.777596,61
C0013,ファミリーマート,大阪府,大阪市天王寺区,34.641944,135.518197,89
C0014,セブン-イレブン,東京都,中央区,35.650801,139.754928,139
C0015,ローソン,東京都,世田谷区,35.621778,139.667676,88
C0016,ローソン,神奈川県,藤沢市,35.331648,139.484706,113
C0017,ローソン,東京都,江東区,35.679335,139.821611,71
C0018,セブン-イレブン,沖縄県,那覇市,26.324505,127.681627,64
C0019,ファミリーマート,福岡県,福岡市中央区,33.564704,130.40582,40
C0020,ファミリーマート,千葉県,船橋市,35.720714,139.978309,104
C0021,ファミリーマート,大阪府,大阪市中央区,34.705424,135.484747,77
C0022,ローソン,大阪府,堺市堺区,34.579323,135.476727,108
C0023,ローソン,北海道,札幌市中央区,43.081326,141.355874,62
C0024,ローソン,東京都,渋谷区,35.641502,139.682078,86
C0025,ローソン,東京都,世田谷区,35.660984,139.635634,81
C0026,ファミリーマート,兵庫県,神戸市中央区,34.66323,135.213256,96
C0027,デイリーヤマザキ,神奈川県,横浜市中区,35.420236,139.645086,139
C0028,セブン-イレブン,東京都,足立区,35.789256,139.80159,119
C0029,ファミリーマート,東京都,新宿区,35.674236,139.675109,55
C0030,ファミリーマート,千葉県,船橋市,35.717254,140.009091,133
C0031,セブン-イレブン,神奈川県,川崎市中原区,35.602909,139.662357,66
C0032,ローソン,愛知県,豊田市,35.079099,137.164387,75
C0033,ミニストップ,神奈川県,横浜市中区,35.442899,139.621628,108
C0034,セブン-イレブン,東京都,足立区,35.745633,139.806399,101
C0035,セブン-イレブン,福岡県,福岡市博多区,33.577206,130.423106,78
C0036,セブン-イレブン,福岡県,福岡市博多区,33.605952,130.438878,63
C0037,ローソン,大阪府,大阪市北区,34.708893,135.479314,109
C0038,ローソン,東京都,世田谷区,35.654759,139.672706,71
C0039,セブン-イレブン,東京都,豊島区,35.733519,139.716997,100
C0040,セブン-イレブン,愛知県,名古屋市中区,35.179907,136.910917,57
C0041,セブン-イレブン,東京都,杉並区,35.674108,139.615197,111
C0042,ローソン,東京都,町田市,35.54752,139.436239,107
C0043,ミニストップ,東京都,渋谷区,35.635328,139.72634,87
C0044,セブン-イレブン,東京都,八王子市,35.641412,139.286883,102
C0045,ファミリーマート,東京都,豊島区,35.743144,139.715904,63
C0046,セブン-イレブン,東京都,千代田区,35.709034,139.732765,117
C0047,ファミリーマート,東京都,杉並区,35.702592,139.617896,105
C0048,セブン-イレブン,東京都,足立区,35.803476,139.817881,78
C0049,デイリーヤマザキ,東京都,足立区,35.75983,139.834672,102
C0050,ローソン,東京都,港区,35.640507,139.744347,128
C0051,ミニストップ,新潟県,新潟市中央区,37.895517,139.049694,88
C0052,ファミリーマート,東京都,新宿区,35.681929,139.694626,58
C0053,ローソン,東京都,中央区,35.699396,139.756158,86
C0054,ファミリーマート,福岡県,北九州市小倉北区,33.876748,130.860585,91
C0055,ファミリーマート,岡山県,岡山市北区,34.673445,133.946304,114
C0056,ファミリーマート,東京都,世田谷区,35.657157,139.643305,125
C0057,ローソン,岡山県,岡山市北区,34.635603,133.926331,107
C0058,ファミリーマート,東京都,港区,35.647004,139.754501,115
C0059,セブン-イレブン,大阪府,大阪市天王寺区,34.676508,135.532991,114
C0060,セブン-イレブン,愛知県,名古屋市千種区,35.143369,136.957398,93
C0061,ファミリーマート,神奈川県,藤沢市,35.340406,139.494002,68
C0062,ローソン,東京都,町田市,35.553921,139.468634,84
C0063,ファミリーマート,東京都,渋谷区,35.660963,139.717165,63
C0064,ファミリーマート,福岡県,福岡市中央区,33.604019,130.421976,82
C0065,ファミリーマート,大阪府,大阪市中央区,34.688212,135.499242,150
C0066,セブン-イレブン,埼玉県,さいたま市浦和区,35.872993,139.660944,115
C0067,セブン-イレブン,東京都,渋谷区,35.658588,139.687321,120
C0068,ミニストップ,東京都,中央区,35.651718,139.743876,110
C0069,セブン-イレブン,東京都,港区,35.629909,139.759505,67
C0070,ファミリーマート,大阪府,大阪市中央区,34.653945,135.493243,108
C0071,セブン-イレブン,愛知県,名古屋市中村区,35.196262,136.881345,132
C0072,ファミリーマート,東京都,町田市,35.539656,139.461609,69
C0073,ローソン,北海道,札幌市中央区,43.072655,141.314498,67
C0074,ローソン,愛知県,名古屋市千種区,35.145676,136.927954,69
C0075,セブン-イレブン,神奈川県,横浜市中区,35.427861,139.63112,102
C0076,ミニストップ,神奈川県,藤沢市,35.344505,139.493488,124
C0077,ローソン,愛知県,豊田市,35.087594,137.16647,82
C0078,ローソン,東京都,港区,35.660998,139.751282,64
C0079,ファミリーマート,大阪府,堺市堺区,34.578995,135.509011,115
C0080,ローソン,石川県,金沢市,36.555741,136.663994,71
C0081,セブン-イレブン,埼玉県,さいたま市浦和区,35.846443,139.647738,67
C0082,ファミリーマート,愛知県,豊田市,35.080144,137.183589,112
C0083,セブン-イレブン,東京都,千代田区,35.681069,139.724978,124
C0084,デイリーヤマザキ,東京都,千代田区,35.676889,139.742894,129
C0085,ミニストップ,福岡県,福岡市中央区,33.60934,130.424147,57
C0086,セブン-イレブン,神奈川県,藤沢市,35.338622,139.469366,87
C0087,ローソン,東京都,杉並区,35.684991,139.622375,79
C0088,セブン-イレブン,神奈川県,藤沢市,35.315632,139.479482,120
C0089,ファミリーマート,東京都,町田市,35.571941,139.459171,94
C0090,セブン-イレブン,大阪府,大阪市天王寺区,34.6715,135.511893,79
C0091,ミニストップ,福岡県,福岡市中央区,33.580063,130.421788,40
C0092,ローソン,東京都,新宿区,35.708861,139.723969,113
C0093,ファミリーマート,京都府,京都市中京区,35.018932,135.732248,68
C0094,セブン-イレブン,神奈川県,藤沢市,35.352866,139.469192,86
C0095,デイリーヤマザキ,大阪府,豊中市,34.809262,135.48517,80
C0096,ローソン,東京都,八王子市,35.644881,139.30617,85
C0097,ローソン,東京都,町田市,35.550889,139.432753,68
C0098,ローソン,愛知県,名古屋市中区,35.169855,136.890887,105
C0099,ファミリーマート,東京都,足立区,35.77867,139.834825,71
C0100,ファミリーマート,東京都,杉並区,35.711084,139.641561,87
C0101,ファミリーマート,東京都,港区,35.649916,139.732429,69
C0102,セブン-イレブン,福岡県,福岡市中央区,33.580983,130.418295,120
C0103,ファミリーマート,埼玉県,さいたま市大宮区,35.902428,139.656453,93
C0104,ローソン,東京都,渋谷区,35.639149,139.712375,127
C0105,ファミリーマート,東京都,世田谷区,35.624861,139.672947,84
C0106,セブン-イレブン,埼玉県,さいたま市大宮区,35.904271,139.620913,112
C0107,セブン-イレブン,愛知県,豊田市,35.085785,137.171021,56
C0108,ローソン,長野県,長野市,36.661096,138.173596,79
C0109,ファミリーマート,宮城県,仙台市青葉区,38.253327,140.843607,101
C0110,ファミリーマート,東京都,杉並区,35.726711,139.610996,126
C0111,ローソン,大阪府,堺市堺区,34.597772,135.474613,106
C0112,ファミリーマート,千葉県,柏市,35.896788,139.976512,103
C0113,ミニストップ,愛知県,名古屋市中村区,35.17008,136.877826,104
C0114,ファミリーマート,岡山県,岡山市北区,34.674748,133.907385,98
C0115,セブン-イレブン,京都府,京都市下京区,34.990396,135.773663,127
C0116,セブン-イレブン,東京都,江東区,35.70276,139.845715,94
C0117,セブン-イレブン,東京都,杉並区,35.685461,139.63023,166
C0118,ミニストップ,兵庫県,神戸市東灘区,34.703535,135.260507,89
C0119,セブン-イレブン,東京都,足立区,35.788793,139.806243,67
C0120,ファミリーマート,大阪府,豊中市,34.785374,135.465588,44
C0121,ファミリーマート,東京都,練馬区,35.73295,139.629906,71
C0122,セブン-イレブン,大阪府,豊中市,34.759287,135.481312,63
C0123,ミニストップ,北海道,札幌市北区,43.086804,141.36554,94
C0124,セブン-イレブン,神奈川県,藤沢市,35.315069,139.491978,53
C0125,セブン-イレブン,愛知県,名古屋市中村区,35.191371,136.850731,111
C0126,ミニストップ,熊本県,熊本市中央区,32.791201,130.722737,94
C0127,ファミリーマート,埼玉県,さいたま市浦和区,35.8763,139.624117,95
C0128,デイリーヤマザキ,東京都,千代田区,35.701017,139.760336,102
C0129,ファミリーマート,大阪府,大阪市中央区,34.664855,135.481565,128
C0130,ローソン,東京都,新宿区,35.692126,139.711974,110
C0131,ファミリーマート,東京都,渋谷区,35.662431,139.677827,93
C0132,ミニストップ,岡山県,岡山市北区,34.689012,133.918353,115
C0133,セブン-イレブン,大阪府,豊中市,34.763274,135.450625,115
C0134,ローソン,大阪府,大阪市中央区,34.703006,135.533255,82
C0135,ローソン,東京都,八王子市,35.672476,139.33546,85
C0136,ファミリーマート,兵庫県,神戸市中央区,34.69217,135.205484,65
C0137,セブン-イレブン,愛知県,名古屋市中区,35.147559,136.906414,126
C0138,ファミリーマート,東京都,世田谷区,35.67503,139.625355,54
C0139,ローソン,東京都,足立区,35.802756,139.786391,41
C0140,セブン-イレブン,福岡県,福岡市中央区,33.569989,130.386665,109
C0141,ローソン,京都府,京都市下京区,35.015221,135.756815,83
C0142,セブン-イレブン,神奈川県,横浜市西区,35.471127,139.64566,81
C0143,ファミリーマート,神奈川県,川崎市中原区,35.565408,139.631495,40
C0144,ローソン,北海道,札幌市北区,43.066411,141.330444,105
C0145,ローソン,大阪府,堺市堺区,34.55284,135.496996,122
C0146,セブン-イレブン,大阪府,大阪市天王寺区,34.665437,135.532612,111
C0147,ファミリーマート,熊本県,熊本市中央区,32.782594,130.711021,104
C0148,ローソン,東京都,練馬区,35.75776,139.631727,94
C0149,ローソン,東京都,新宿区,35.667079,139.691484,82
C0150,セブン-イレブン,東京都,杉並区,35.723913,139.664626,40
C0151,ローソン,東京都,千代田区,35.664732,139.753858,44
C0152,ファミリーマート,大阪府,大阪市中央区,34.664012,135.519568,90
C0153,ファミリーマート,東京都,町田市,35.554073,139.417394,104
C0154,ローソン,大阪府,大阪市天王寺区,34.635458,135.50009,76
C0155,セブン-イレブン,東京都,中央区,35.649722,139.743946,60
C0156,セブン-イレブン,東京都,練馬区,35.712533,139.681624,73
C0157,セブン-イレブン,東京都,渋谷区,35.673655,139.709991,61
C0158,ローソン,岡山県,岡山市北区,34.653611,133.90715,75
C0159,セブン-イレブン,福岡県,福岡市中央区,33.613852,130.418216,92
C0160,ファミリーマート,東京都,中央区,35.648321,139.793564,41
C0161,ファミリーマート,東京都,練馬区,35.718591,139.634543,120
C0162,ファミリーマート,沖縄県,那覇市,26.31026,127.694444,101
C0163,ローソン,大阪府,大阪市中央区,34.693408,135.505623,101
C0164,ファミリーマート,神奈川県,藤沢市,35.366626,139.496857,74
C0165,ローソン,神奈川県,横浜市西区,35.465864,139.640479,103
C0166,セブン-イレブン,東京都,杉並区,35.677092,139.634893,77
C0167,ローソン,福岡県,北九州市小倉北区,33.86544,130.882918,83
C0168,ローソン,東京都,江東区,35.65574,139.825437,93
C0169,セブン-イレブン,大阪府,豊中市,34.75507,135.458017,49
C0170,セブン-イレブン,東京都,新宿区,35.687763,139.707135,76
C0171,ローソン,新潟県,新潟市中央区,37.897641,139.05603,115
C0172,セブン-イレブン,東京都,町田市,35.526145,139.426323,76
C0173,ローソン,東京都,町田市,35.571756,139.444748,112
C0174,ファミリーマート,東京都,中央区,35.674897,139.782692,40
C0175,セブン-イレブン,神奈川県,川崎市中原区,35.580644,139.649903,128
C0176,セブン-イレブン,東京都,中央区,35.691444,139.762349,67
C0177,ファミリーマート,東京都,江東区,35.652958,139.823341,94
C0178,セブン-イレブン,福岡県,北九州市小倉北区,33.904469,130.88859,101
C0179,セブン-イレブン,東京都,杉並区,35.722623,139.629295,100
C0180,セブン-イレブン,神奈川県,横浜市中区,35.436453,139.610244,71
C0181,セブン-イレブン,東京都,豊島区,35.72636,139.733942,101
C0182,ファミリーマート,東京都,江東区,35.695433,139.805622,81
C0183,ローソン,東京都,練馬区,35.711895,139.680936,40
C0184,セブン-イレブン,東京都,豊島区,35.719255,139.737889,82
C0185,セブン-イレブン,東京都,新宿区,35.666642,139.723887,105
C0186,セブン-イレブン,北海道,札幌市中央区,43.070971,141.355733,73
C0187,ローソン,東京都,千代田区,35.702331,139.736591,96
C0188,ローソン,神奈川県,横浜市中区,35.454267,139.624359,109
C0189,セブン-イレブン,東京都,渋谷区,35.691498,139.701578,115
C0190,セブン-イレブン,神奈川県,川崎市中原区,35.602597,139.67824,108
C0191,セブン-イレブン,神奈川県,藤沢市,35.329683,139.513535,82
C0192,ミニストップ,東京都,千代田区,35.667027,139.747016,87
C0193,ファミリーマート,東京都,港区,35.670281,139.774477,63
C0194,ファミリーマート,東京都,八王子市,35.65594,139.297889,62
C0195,ローソン,福岡県,福岡市博多区,33.564713,130.446367,92
C0196,ローソン,東京都,港区,35.669916,139.726836,57
C0197,ファミリーマート,東京都,練馬区,35.75199,139.650233,103
C0198,セブン-イレブン,北海道,札幌市北区,43.082807,141.322001,85
C0199,セブン-イレブン,広島県,広島市中区,34.413647,132.448486,80
C0200,ファミリーマート,東京都,新宿区,35.714746,139.689935,90
C0201,ファミリーマート,東京都,江東区,35.673477,139.811341,87
C0202,セブン-イレブン,神奈川県,川崎市中原区,35.564127,139.657658,78
C0203,セブン-イレブン,大阪府,大阪市北区,34.690621,135.477541,80
C0204,ローソン,東京都,豊島区,35.721869,139.744812,91
C0205,セブン-イレブン,神奈川県,藤沢市,35.352648,139.470385,70
C0206,ローソン,愛知県,名古屋市中村区,35.147859,136.877765,54
C0207,セブン-イレブン,東京都,練馬区,35.732713,139.640482,61
C0208,ファミリーマート,大阪府,豊中市,34.800192,135.459644,108
C0209,セブン-イレブン,大阪府,大阪市天王寺区,34.636057,135.497335,53
C0210,ローソン,埼玉県,さいたま市大宮区,35.915653,139.628178,69
C0211,ファミリーマート,東京都,杉並区,35.69683,139.61934,105
C0212,ローソン,福岡県,北九州市小倉北区,33.90811,130.902201,75
C0213,ミニストップ,愛知県,名古屋市中村区,35.200417,136.876964,67
C0214,ローソン,千葉県,千葉市中央区,35.580745,140.130065,70
C0215,セブン-イレブン,岡山県,岡山市北区,34.665602,133.963722,105
C0216,ファミリーマート,東京都,千代田区,35.69941,139.761513,102
C0217,ファミリーマート,愛知県,名古屋市中村区,35.167111,136.854673,96
C0218,ローソン,神奈川県,川崎市中原区,35.567617,139.655034,102
C0219,ローソン,東京都,杉並区,35.677533,139.607696,81
C0220,ローソン,千葉県,柏市,35.896499,139.954147,78
C0221,ローソン,東京都,新宿区,35.715609,139.726615,70
C0222,ファミリーマート,大阪府,大阪市中央区,34.676447,135.529204,40
C0223,セブン-イレブン,東京都,足立区,35.770486,139.775446,49
C0224,セブン-イレブン,愛知県,名古屋市中村区,35.196594,136.876581,90
C0225,セブン-イレブン,東京都,千代田区,35.692996,139.746115,40
C0226,ローソン,東京都,港区,35.659584,139.772561,59
C0227,セブン-イレブン,愛知県,豊田市,35.084017,137.157401,75
C0228,ローソン,大阪府,大阪市天王寺区,34.663123,135.530044,78
C0229,ファミリーマート,神奈川県,川崎市中原区,35.582782,139.684215,86
C0230,ミニストップ,東京都,町田市,35.552438,139.436891,89
C0231,デイリーヤマザキ,東京都,江東区,35.660677,139.79705,78
C0232,ローソン,東京都,練馬区,35.721627,139.659758,58
C0233,ファミリーマート,神奈川県,藤沢市,35.350379,139.477505,89
C0234,セブン-イレブン,東京都,町田市,35.522612,139.464026,84
C0235,ファミリーマート,東京都,世田谷区,35.632513,139.638417,88
C0236,ローソン,広島県,広島市中区,34.401549,132.451186,56
C0237,ローソン,東京都,渋谷区,35.648172,139.678849,83
C0238,ミニストップ,沖縄県,那覇市,26.340733,127.700303,88
C0239,ローソン,埼玉県,川越市,35.919777,139.47899,68
C0240,ファミリーマート,東京都,渋谷区,35.68451,139.67126,55
C0241,ローソン,東京都,杉並区,35.673151,139.634841,61
C0242,ミニストップ,静岡県,静岡市葵区,34.96002,138.394011,94
C0243,セブン-イレブン,東京都,足立区,35.776827,139.801084,79
C0244,セブン-イレブン,東京都,足立区,35.776815,139.832352,133
C0245,ファミリーマート,東京都,港区,35.64923,139.771654,62
C0246,セブン-イレブン,東京都,杉並区,35.718139,139.622321,66
C0247,ファミリーマート,大阪府,大阪市北区,34.716517,135.482508,69
C0248,ローソン,神奈川県,横浜市中区,35.473593,139.626796,52
C0249,セブン-イレブン,東京都,千代田区,35.668077,139.748675,52
C0250,ローソン,東京都,江東区,35.658114,139.789043,83
C0251,セブン-イレブン,大阪府,大阪市中央区,34.686648,135.533638,96
C0252,ミニストップ,東京都,新宿区,35.669183,139.709281,123
C0253,ローソン,東京都,足立区,35.783874,139.823192,94
C0254,セブン-イレブン,東京都,渋谷区,35.673629,139.672543,101
C0255,デイリーヤマザキ,東京都,町田市,35.564162,139.458533,68
C0256,ローソン,東京都,世田谷区,35.632637,139.626743,52
C0257,デイリーヤマザキ,東京都,足立区,35.760494,139.823768,94
C0258,セブン-イレブン,沖縄県,那覇市,26.328558,127.689729,98
C0259,ファミリーマート,東京都,港区,35.653875,139.757838,111
C0260,セブン-イレブン,東京都,世田谷区,35.620225,139.666653,106
C0261,セブン-イレブン,福岡県,福岡市中央区,33.589862,130.408172,96
C0262,セブン-イレブン,東京都,足立区,35.76479,139.79848,90
C0263,ローソン,東京都,千代田区,35.710259,139.752688,56
C0264,セブン-イレブン,埼玉県,さいたま市浦和区,35.845551,139.638065,112
C0265,ローソン,大阪府,豊中市,34.758272,135.472118,112
C0266,セブン-イレブン,東京都,練馬区,35.765821,139.660824,88
C0267,ローソン,東京都,江東区,35.663404,139.837471,91
C0268,ファミリーマート,東京都,豊島区,35.754051,139.725644,69
C0269,ファミリーマート,東京都,杉並区,35.676406,139.648331,40
C0270,セブン-イレブン,東京都,八王子市,35.638142,139.287522,94
C0271,セブン-イレブン,石川県,金沢市,36.554326,136.673564,71
C0272,ローソン,岡山県,岡山市北区,34.689994,133.905985,66
C0273,セブン-イレブン,東京都,江東区,35.686261,139.81133,98
C0274,ミニストップ,神奈川県,横浜市中区,35.466212,139.640194,125
C0275,セブン-イレブン,愛知県,豊田市,35.057322,137.170128,85
C0276,ファミリーマート,宮城県,仙台市青葉区,38.252561,140.878927,90
C0277,ファミリーマート,東京都,千代田区,35.71828,139.773244,118
C0278,セブン-イレブン,埼玉県,川越市,35.944048,139.462851,109
C0279,ファミリーマート,大阪府,大阪市北区,34.679787,135.480158,65
C0280,ファミリーマート,愛知県,豊田市,35.060248,137.167045,130
C0281,セブン-イレブン,神奈川県,川崎市中原区,35.603882,139.642794,104
C0282,セブン-イレブン,東京都,中央区,35.686453,139.752083,94
C0283,セブン-イレブン,東京都,江東区,35.657619,139.821919,119
C0284,ファミリーマート,大阪府,大阪市天王寺区,34.632465,135.541778,122
C0285,セブン-イレブン,東京都,港区,35.683568,139.763404,73
C0286,ローソン,愛知県,名古屋市中区,35.169561,136.886614,78
C0287,セブン-イレブン,東京都,新宿区,35.691025,139.687355,107
C0288,ローソン,大阪府,大阪市北区,34.712723,135.473281,124
C0289,セブン-イレブン,埼玉県,さいたま市浦和区,35.857127,139.648463,116
C0290,ファミリーマート,熊本県,熊本市中央区,32.824764,130.737207,158
C0291,ファミリーマート,神奈川県,横浜市西区,35.473588,139.604487,101
C0292,ローソン,東京都,新宿区,35.718689,139.702851,94
C0293,ミニストップ,東京都,渋谷区,35.637242,139.689852,94
C0294,ローソン,大阪府,大阪市中央区,34.678189,135.486265,108
C0295,ファミリーマート,東京都,中央区,35.650483,139.743744,80
C0296,ファミリーマート,東京都,世田谷区,35.650786,139.648144,89
C0297,ローソン,愛知県,豊田市,35.066804,137.132608,92
C0298,セブン-イレブン,東京都,足立区,35.798482,139.779412,108
C0299,セブン-イレブン,大阪府,大阪市北区,34.702152,135.48097,77
C0300,ファミリーマート,東京都,江東区,35.654649,139.808515,80
C0301,セブン-イレブン,東京都,杉並区,35.671926,139.64112,87
C0302,ファミリーマート,東京都,町田市,35.56362,139.430191,101
C0303,セブン-イレブン,東京都,杉並区,35.717674,139.664166,117
C0304,セブン-イレブン,神奈川県,川崎市中原区,35.570702,139.661306,71
C0305,セブン-イレブン,千葉県,船橋市,35.693409,139.980766,116
C0306,セブン-イレブン,千葉県,柏市,35.864055,139.959344,92
C0307,ミニストップ,京都府,京都市中京区,35.035825,135.782895,83
C0308,ローソン,長野県,長野市,36.651253,138.176542,93
C0309,ローソン,東京都,足立区,35.786799,139.78088,79
C0310,ローソン,福岡県,福岡市博多区,33.584397,130.40408,90
C0311,セブン-イレブン,東京都,江東区,35.702937,139.787956,82
C0312,ファミリーマート,東京都,町田市,35.55302,139.475585,77
C0313,セブン-イレブン,東京都,町田市,35.560188,139.428097,114
C0314,セブン-イレブン,愛知県,名古屋市中区,35.178638,136.902093,64
C0315,ファミリーマート,大阪府,豊中市,34.768795,135.485173,78
C0316,セブン-イレブン,神奈川県,藤沢市,35.35208,139.497227,57
C0317,ミニストップ,東京都,練馬区,35.736884,139.6766,84
C0318,ファミリーマート,東京都,足立区,35.747452,139.796986,96
C0319,ローソン,大阪府,堺市堺区,34.576645,135.499415,104
C0320,ファミリーマート,神奈川県,川崎市中原区,35.590243,139.675137,107
C0321,ローソン,千葉県,船橋市,35.71019,139.998653,67
C0322,ファミリーマート,神奈川県,横浜市西区,35.439268,139.614369,138
C0323,ファミリーマート,東京都,町田市,35.567774,139.44521,44
C0324,ファミリーマート,北海道,札幌市北区,43.083089,141.351398,80
C0325,デイリーヤマザキ,愛知県,名古屋市中区,35.193988,136.890301,97
C0326,セブン-イレブン,東京都,足立区,35.802495,139.779617,82
C0327,セブン-イレブン,東京都,渋谷区,35.642877,139.67703,107
C0328,ファミリーマート,東京都,千代田区,35.704944,139.779903,149
C0329,ファミリーマート,東京都,町田市,35.562263,139.418289,91
C0330,ローソン,埼玉県,さいたま市大宮区,35.907177,139.621153,94
C0331,ローソン,神奈川県,藤沢市,35.358209,139.489169,74
C0332,ファミリーマート,神奈川県,川崎市中原区,35.580035,139.683897,63
C0333,ローソン,東京都,練馬区,35.719607,139.644314,78
C0334,セブン-イレブン,東京都,新宿区,35.721373,139.710118,136
C0335,ファミリーマート,東京都,渋谷区,35.644937,139.678522,75
C0336,セブン-イレブン,福岡県,北九州市小倉北区,33.860015,130.905626,40
C0337,ファミリーマート,神奈川県,藤沢市,35.33318,139.472309,80
C0338,セブン-イレブン,沖縄県,那覇市,26.331906,127.709528,54
C0339,セブン-イレブン,神奈川県,横浜市中区,35.415496,139.663864,97
C0340,セブン-イレブン,京都府,京都市中京区,35.039209,135.761769,40
C0341,ファミリーマート,神奈川県,横浜市西区,35.453733,139.645759,131
C0342,ローソン,石川県,金沢市,36.578975,136.669713,82
C0343,セブン-イレブン,京都府,京都市下京区,34.967739,135.757739,126
C0344,セブン-イレブン,東京都,新宿区,35.701051,139.686222,99
C0345,セブン-イレブン,東京都,江東区,35.679489,139.798709,47
C0346,セブン-イレブン,福岡県,福岡市中央区,33.565015,130.419967,82
C0347,ミニストップ,大阪府,豊中市,34.80955,135.463665,56
C0348,セブン-イレブン,神奈川県,横浜市中区,35.454006,139.631853,92
C0349,ファミリーマート,愛知県,名古屋市中村区,35.164167,136.842731,77
C0350,ファミリーマート,東京都,八王子市,35.648942,139.339268,107
C0351,ファミリーマート,愛知県,豊田市,35.07955,137.135827,82
C0352,ファミリーマート,愛知県,名古屋市千種区,35.191131,136.950876,40
C0353,セブン-イレブン,東京都,新宿区,35.723303,139.704518,60
C0354,ファミリーマート,大阪府,大阪市北区,34.676397,135.506328,139
C0355,セブン-イレブン,東京都,杉並区,35.697727,139.641075,104
C0356,セブン-イレブン,埼玉県,川越市,35.924435,139.505368,81
C0357,ファミリーマート,東京都,練馬区,35.735646,139.666391,97
C0358,セブン-イレブン,東京都,渋谷区,35.672433,139.706194,133
C0359,ローソン,東京都,新宿区,35.681261,139.683762,119
C0360,ローソン,東京都,千代田区,35.693583,139.782238,70
C0361,ファミリーマート,大阪府,大阪市北区,34.704829,135.494164,88
C0362,ローソン,熊本県,熊本市中央区,32.795392,130.721977,128
C0363,セブン-イレブン,東京都,千代田区,35.698899,139.732768,52
C0364,セブン-イレブン,東京都,江東区,35.66467,139.825175,99
C0365,セブン-イレブン,新潟県,新潟市中央区,37.9035,139.044337,104
C0366,ローソン,大阪府,大阪市天王寺区,34.658926,135.499028,97
C0367,セブン-イレブン,東京都,練馬区,35.7567,139.669993,84
C0368,ファミリーマート,東京都,江東区,35.664098,139.795623,128
C0369,セブン-イレブン,東京都,新宿区,35.710728,139.69772,103
C0370,ファミリーマート,東京都,豊島区,35.745894,139.733706,82
C0371,ローソン,神奈川県,藤沢市,35.36815,139.510764,80
C0372,ファミリーマート,埼玉県,さいたま市大宮区,35.930962,139.607994,52
C0373,セブン-イレブン,東京都,新宿区,35.684893,139.714463,107
C0374,ファミリーマート,長野県,長野市,36.679207,138.161332,110
C0375,ローソン,東京都,練馬区,35.713116,139.629723,76
C0376,セブン-イレブン,東京都,練馬区,35.764867,139.647488,54
C0377,セブン-イレブン,福岡県,福岡市博多区,33.561128,130.420055,74
C0378,ローソン,東京都,千代田区,35.699591,139.752145,96
C0379,セブン-イレブン,宮城県,仙台市青葉区,38.256099,140.840616,100
C0380,ファミリーマート,大阪府,大阪市中央区,34.663001,135.520236,97
C0381,セブン-イレブン,東京都,千代田区,35.708772,139.740643,69
C0382,ローソン,千葉県,千葉市中央区,35.613777,140.106295,78
C0383,ローソン,東京都,中央区,35.686795,139.77373,76
C0384,ローソン,東京都,渋谷区,35.63426,139.711521,40
C0385,ミニストップ,京都府,京都市下京区,35.012078,135.757483,84
C0386,セブン-イレブン,大阪府,豊中市,34.801085,135.498878,74
C0387,ファミリーマート,東京都,八王子市,35.660455,139.331685,78
C0388,ファミリーマート,神奈川県,横浜市中区,35.435675,139.625296,115
C0389,セブン-イレブン,愛知県,名古屋市千種区,35.170623,136.938087,50
C0390,ローソン,大阪府,豊中市,34.764552,135.464437,100
C0391,ファミリーマート,沖縄県,那覇市,26.356406,127.704685,109
C0392,セブン-イレブン,東京都,江東区,35.68345,139.827326,40
C0393,ファミリーマート,東京都,足立区,35.785591,139.782153,59
C0394,ローソン,沖縄県,那覇市,26.358546,127.661123,113
C0395,セブン-イレブン,東京都,江東区,35.655016,139.837642,74
C0396,ファミリーマート,東京都,八王子市,35.681889,139.331958,100
C0397,ローソン,大阪府,大阪市北区,34.724059,135.524594,67
C0398,デイリーヤマザキ,静岡県,静岡市葵区,34.976685,138.361842,119
C0399,セブン-イレブン,東京都,町田市,35.54736,139.430849,95
C0400,ローソン,愛知県,豊田市,35.082888,137.127605,87
C0401,ファミリーマート,東京都,渋谷区,35.653617,139.686165,59
C0402,ファミリーマート,大阪府,堺市堺区,34.572531,135.480961,60
C0403,ファミリーマート,東京都,杉並区,35.700288,139.639546,101
C0404,ローソン,東京都,千代田区,35.723443,139.776808,60
C0405,ファミリーマート,東京都,新宿区,35.715172,139.699553,105
C0406,ローソン,大阪府,堺市堺区,34.596082,135.462849,93
C0407,セブン-イレブン,東京都,八王子市,35.659345,139.331841,63
C0408,ファミリーマート,神奈川県,川崎市中原区,35.574189,139.663735,77
C0409,セブン-イレブン,東京都,渋谷区,35.649803,139.703463,62
C0410,セブン-イレブン,福岡県,福岡市博多区,33.563685,130.426428,116
C0411,ファミリーマート,東京都,新宿区,35.712573,139.708038,93
C0412,ファミリーマート,東京都,足立区,35.804517,139.799716,55
C0413,セブン-イレブン,東京都,中央区,35.655077,139.760726,122
C0414,セブン-イレブン,千葉県,船橋市,35.675187,139.985305,109
C0415,ローソン,東京都,千代田区,35.689348,139.754886,85
C0416,セブン-イレブン,東京都,町田市,35.536991,139.451221,92
C0417,セブン-イレブン,東京都,練馬区,35.735302,139.663452,98
C0418,ローソン,埼玉県,さいたま市大宮区,35.885998,139.618971,118
C0419,セブン-イレブン,岡山県,岡山市北区,34.670127,133.963446,133
C0420,セブン-イレブン,東京都,豊島区,35.713839,139.720411,112
C0421,ファミリーマート,埼玉県,さいたま市大宮区,35.933476,139.644062,60
C0422,ファミリーマート,東京都,杉並区,35.701864,139.632626,74
C0423,セブン-イレブン,東京都,江東区,35.692424,139.817278,78
C0424,ファミリーマート,東京都,練馬区,35.721076,139.652922,125
C0425,ファミリーマート,大阪府,豊中市,34.803854,135.477671,74
C0426,ローソン,神奈川県,横浜市西区,35.485434,139.648286,88
C0427,ファミリーマート,東京都,杉並区,35.718536,139.658166,138
C0428,セブン-イレブン,愛知県,名古屋市千種区,35.153039,136.942749,57
C0429,ローソン,東京都,世田谷区,35.661932,139.673647,48
C0430,ファミリーマート,広島県,広島市中区,34.412758,132.445016,116
C0431,セブン-イレブン,東京都,杉並区,35.711211,139.621168,91
C0432,ローソン,東京都,千代田区,35.682632,139.753123,104
C0433,ファミリーマート,長野県,長野市,36.675339,138.163119,89
C0434,セブン-イレブン,福岡県,北九州市小倉北区,33.886042,130.884658,96
C0435,ローソン,東京都,中央区,35.687934,139.74532,107
C0436,セブン-イレブン,東京都,杉並区,35.727305,139.660806,76
C0437,ローソン,大阪府,豊中市,34.774814,135.490389,100
C0438,ファミリーマート,神奈川県,藤沢市,35.318239,139.499853,74
C0439,ローソン,大阪府,大阪市北区,34.707516,135.497787,118
C0440,セブン-イレブン,福岡県,福岡市中央区,33.60994,130.413234,108
C0441,ローソン,埼玉県,さいたま市大宮区,35.93213,139.614081,103
C0442,ファミリーマート,東京都,杉並区,35.721774,139.610356,100
C0443,ローソン,神奈川県,横浜市中区,35.420778,139.640745,71
C0444,ローソン,東京都,杉並区,35.678695,139.635513,92
C0445,セブン-イレブン,東京都,江東区,35.681724,139.841314,130
C0446,セブン-イレブン,埼玉県,さいたま市大宮区,35.931047,139.641296,98
C0447,ファミリーマート,東京都,世田谷区,35.654337,139.665037,121
C0448,セブン-イレブン,神奈川県,川崎市中原区,35.572544,139.630472,68
C0449,ミニストップ,新潟県,新潟市中央区,37.941076,139.024053,128
C0450,ローソン,東京都,杉並区,35.679614,139.633331,73
C0451,ローソン,東京都,練馬区,35.744666,139.669359,88
C0452,ファミリーマート,福岡県,福岡市中央区,33.604217,130.42459,100
C0453,ファミリーマート,東京都,練馬区,35.761113,139.628024,100
C0454,ファミリーマート,東京都,中央区,35.684754,139.774864,106
C0455,ローソン,東京都,練馬区,35.751719,139.660482,100
C0456,セブン-イレブン,大阪府,大阪市天王寺区,34.635005,135.507333,114
C0457,セブン-イレブン,神奈川県,藤沢市,35.325976,139.502814,93
C0458,ファミリーマート,東京都,新宿区,35.688619,139.729365,54
C0459,ローソン,東京都,町田市,35.526011,139.427409,71
C0460,セブン-イレブン,東京都,杉並区,35.692056,139.63061,77
C0461,ローソン,東京都,足立区,35.779223,139.776244,121
C0462,セブン-イレブン,大阪府,大阪市中央区,34.656339,135.507745,94
C0463,ローソン,東京都,世田谷区,35.618987,139.66008,78
C0464,セブン-イレブン,新潟県,新潟市中央区,37.920035,139.006847,81
C0465,ローソン,神奈川県,横浜市中区,35.469697,139.657635,72
C0466,ミニストップ,東京都,豊島区,35.744805,139.701972,90
C0467,ファミリーマート,愛知県,豊田市,35.078879,137.138396,100
C0468,セブン-イレブン,愛知県,名古屋市千種区,35.151822,136.962548,135
C0469,デイリーヤマザキ,東京都,千代田区,35.678129,139.751059,90
C0470,セブン-イレブン,大阪府,堺市堺区,34.571133,135.505287,123
C0471,ファミリーマート,熊本県,熊本市中央区,32.785733,130.70101,60
C0472,ファミリーマート,東京都,中央区,35.644127,139.797864,105
C0473,ファミリーマート,東京都,町田市,35.554382,139.457247,102
C0474,セブン-イレブン,埼玉県,さいたま市大宮区,35.906273,139.623856,52
C0475,ローソン,沖縄県,那覇市,26.312934,127.704534,105
C0476,ファミリーマート,東京都,渋谷区,35.654351,139.696085,94
C0477,ローソン,東京都,港区,35.653976,139.736624,63
C0478,デイリーヤマザキ,神奈川県,横浜市西区,35.45286,139.613636,153
C0479,ミニストップ,東京都,八王子市,35.651793,139.335775,117
C0480,セブン-イレブン,東京都,八王子市,35.680212,139.315476,76
C0481,ファミリーマート,静岡県,静岡市葵区,35.001371,138.391199,74
C0482,セブン-イレブン,東京都,中央区,35.669215,139.751813,95
C0483,セブン-イレブン,東京都,町田市,35.571711,139.446695,40
C0484,ファミリーマート,神奈川県,藤沢市,35.317749,139.503186,116
C0485,セブン-イレブン,東京都,新宿区,35.676224,139.690047,111
C0486,ファミリーマート,埼玉県,さいたま市浦和区,35.871788,139.627744,54
C0487,セブン-イレブン,石川県,金沢市,36.577011,136.636834,106
C0488,セブン-イレブン,神奈川県,横浜市西区,35.455719,139.609057,80
C0489,セブン-イレブン,沖縄県,那覇市,26.327413,127.706749,107
C0490,ファミリーマート,東京都,千代田区,35.706462,139.752791,103
C0491,セブン-イレブン,大阪府,大阪市天王寺区,34.66248,135.508766,123
C0492,ミニストップ,東京都,町田市,35.577989,139.471413,99
C0493,セブン-イレブン,埼玉県,さいたま市大宮区,35.927797,139.649093,80
C0494,ファミリーマート,愛知県,豊田市,35.089137,137.131553,133
C0495,セブン-イレブン,東京都,世田谷区,35.662253,139.646935,106
C0496,ファミリーマート,東京都,足立区,35.78383,139.832266,92
C0497,セブン-イレブン,東京都,渋谷区,35.682066,139.712153,137
C0498,ファミリーマート,大阪府,大阪市中央区,34.656767,135.502047,64
C0499,ファミリーマート,東京都,豊島区,35.719285,139.702109,81
C0500,ファミリーマート,東京都,八王子市,35.647181,139.323841,83
C0501,ファミリーマート,東京都,港区,35.686396,139.761586,66
C0502,ファミリーマート,京都府,京都市中京区,35.019834,135.734038,58
C0503,セブン-イレブン,東京都,町田市,35.566093,139.435024,127
C0504,セブン-イレブン,東京都,杉並区,35.695664,139.641112,86
C0505,ミニストップ,神奈川県,川崎市中原区,35.576805,139.660639,66
C0506,ローソン,愛知県,名古屋市中村区,35.162327,136.877134,104
C0507,セブン-イレブン,福岡県,福岡市中央区,33.604431,130.396773,100
C0508,ファミリーマート,東京都,中央区,35.683263,139.760837,43
C0509,ローソン,愛知県,名古屋市千種区,35.167997,136.96347,59
C0510,セブン-イレブン,埼玉県,さいたま市大宮区,35.880693,139.659931,136
C0511,ローソン,東京都,世田谷区,35.642028,139.624075,86
C0512,ファミリーマート,大阪府,堺市堺区,34.567305,135.492463,92
C0513,ローソン,愛知県,豊田市,35.071168,137.174788,61
C0514,ローソン,岡山県,岡山市北区,34.680278,133.910258,64
C0515,セブン-イレブン,東京都,新宿区,35.712958,139.714762,92
C0516,セブン-イレブン,東京都,町田市,35.532507,139.467525,95
C0517,ファミリーマート,千葉県,船橋市,35.670166,139.999183,105
C0518,ミニストップ,東京都,新宿区,35.708327,139.699716,110
C0519,セブン-イレブン,東京都,町田市,35.544971,139.431558,76
C0520,セブン-イレブン,東京都,足立区,35.75116,139.825858,135
C0521,ファミリーマート,東京都,八王子市,35.665742,139.32072,78
C0522,ファミリーマート,東京都,千代田区,35.694801,139.767477,40
C0523,ミニストップ,兵庫県,神戸市中央区,34.712058,135.180914,94
C0524,ファミリーマート,神奈川県,藤沢市,35.327071,139.498898,91
C0525,セブン-イレブン,北海道,札幌市中央区,43.062362,141.349771,64
C0526,ローソン,東京都,渋谷区,35.662154,139.694287,98
C0527,ファミリーマート,神奈川県,横浜市西区,35.477098,139.647304,113
C0528,ローソン,東京都,町田市,35.56138,139.440422,58
C0529,ミニストップ,東京都,八王子市,35.67515,139.307615,40
C0530,セブン-イレブン,東京都,渋谷区,35.675442,139.673172,101
C0531,セブン-イレブン,東京都,町田市,35.527379,139.446531,106
C0532,セブン-イレブン,神奈川県,横浜市西区,35.46941,139.651956,40
C0533,セブン-イレブン,東京都,江東区,35.683616,139.797483,108
C0534,セブン-イレブン,埼玉県,さいたま市大宮区,35.882838,139.614601,67
C0535,ファミリーマート,神奈川県,藤沢市,35.37062,139.507093,95
C0536,ローソン,神奈川県,藤沢市,35.362204,139.512422,47
C0537,セブン-イレブン,大阪府,大阪市中央区,34.654025,135.536776,109
C0538,デイリーヤマザキ,福岡県,福岡市博多区,33.606899,130.427579,40
C0539,セブン-イレブン,千葉県,船橋市,35.698748,139.983438,96
C0540,ファミリーマート,東京都,豊島区,35.739701,139.72849,100
C0541,ファミリーマート,福岡県,福岡市博多区,33.61223,130.400258,59
C0542,セブン-イレブン,東京都,新宿区,35.722178,139.719153,124
C0543,ローソン,東京都,千代田区,35.69242,139.741205,99
C0544,ファミリーマート,愛知県,名古屋市中村区,35.178766,136.856727,107
C0545,ファミリーマート,福岡県,福岡市博多区,33.607233,130.39928,40
C0546,ミニストップ,北海道,札幌市北区,43.091969,141.351932,114
C0547,ファミリーマート,兵庫県,神戸市東灘区,34.736209,135.283058,80
C0548,ファミリーマート,東京都,練馬区,35.752342,139.648044,88
C0549,セブン-イレブン,東京都,足立区,35.800351,139.784057,40
C0550,ローソン,沖縄県,那覇市,26.357549,127.70936,58
C0551,ローソン,東京都,八王子市,35.678047,139.338413,86
C0552,ローソン,東京都,江東区,35.697013,139.823624,68
C0553,ファミリーマート,東京都,新宿区,35.702633,139.726255,65
C0554,セブン-イレブン,東京都,八王子市,35.68471,139.324925,65
C0555,ローソン,福岡県,福岡市中央区,33.565057,130.401246,59
C0556,ファミリーマート,千葉県,柏市,35.870447,139.958824,115
C0557,セブン-イレブン,神奈川県,横浜市中区,35.434443,139.646141,141
C0558,セブン-イレブン,神奈川県,川崎市中原区,35.595934,139.648237,97
C0559,ファミリーマート,東京都,八王子市,35.679919,139.336495,88
C0560,ローソン,東京都,新宿区,35.720481,139.699924,119
C0561,セブン-イレブン,神奈川県,藤沢市,35.331339,139.474166,89
C0562,ミニストップ,愛知県,名古屋市中村区,35.180931,136.89267,57
C0563,セブン-イレブン,東京都,世田谷区,35.656015,139.671905,77
C0564,ローソン,東京都,足立区,35.751314,139.805987,83
C0565,ローソン,東京都,豊島区,35.723259,139.694793,66
C0566,ファミリーマート,東京都,港区,35.635804,139.733887,101
C0567,ローソン,東京都,港区,35.652165,139.754538,99
C0568,ファミリーマート,大阪府,大阪市北区,34.735791,135.509341,40
C0569,ローソン,静岡県,静岡市葵区,34.971015,138.362771,61
C0570,ミニストップ,東京都,町田市,35.548791,139.448748,88
C0571,ファミリーマート,愛知県,名古屋市中区,35.142956,136.88841,40
C0572,ローソン,東京都,新宿区,35.67062,139.695175,69
C0573,ファミリーマート,東京都,杉並区,35.677065,139.625295,75
C0574,セブン-イレブン,東京都,千代田区,35.711028,139.749305,104
C0575,セブン-イレブン,兵庫県,神戸市中央区,34.677009,135.177985,89
C0576,セブン-イレブン,神奈川県,川崎市中原区,35.548681,139.658871,88
C0577,ファミリーマート,東京都,練馬区,35.726269,139.644638,113
C0578,セブン-イレブン,東京都,新宿区,35.702188,139.718701,49
C0579,セブン-イレブン,大阪府,堺市堺区,34.586672,135.458359,65
C0580,ミニストップ,東京都,足立区,35.76534,139.777749,65
C0581,ファミリーマート,大阪府,豊中市,34.767643,135.445312,92
C0582,ローソン,大阪府,大阪市天王寺区,34.641531,135.52771,94
C0583,セブン-イレブン,大阪府,大阪市天王寺区,34.68031,135.52151,93
C0584,ローソン,神奈川県,横浜市中区,35.444158,139.60912,40
C0585,ファミリーマート,大阪府,堺市堺区,34.600743,135.469498,102
C0586,ファミリーマート,埼玉県,川越市,35.900079,139.488013,135
C0587,ファミリーマート,東京都,練馬区,35.735488,139.678031,81
C0588,ファミリーマート,東京都,千代田区,35.686921,139.729462,103
C0589,ファミリーマート,沖縄県,那覇市,26.322121,127.66196,91
C0590,ローソン,静岡県,静岡市葵区,34.949535,138.410667,75
C0591,ローソン,東京都,渋谷区,35.651881,139.673925,123
C0592,ミニストップ,東京都,世田谷区,35.66997,139.626113,131
C0593,ファミリーマート,東京都,世田谷区,35.630189,139.653517,40
C0594,セブン-イレブン,東京都,杉並区,35.703187,139.610927,88
C0595,ファミリーマート,東京都,千代田区,35.718824,139.725117,58
C0596,ローソン,東京都,港区,35.667093,139.728534,78
C0597,ファミリーマート,神奈川県,藤沢市,35.361777,139.490026,92
C0598,セブン-イレブン,神奈川県,川崎市中原区,35.56071,139.687157,76
C0599,ファミリーマート,新潟県,新潟市中央区,37.888508,139.054759,123
C0600,セブン-イレブン,大阪府,堺市堺区,34.546611,135.508309,81
C0601,セブン-イレブン,東京都,杉並区,35.7108,139.666955,99
C0602,セブン-イレブン,埼玉県,川越市,35.904685,139.488045,75
C0603,セブン-イレブン,東京都,中央区,35.682906,139.79183,75
C0604,セブン-イレブン,千葉県,柏市,35.868289,139.994123,40
C0605,ミニストップ,千葉県,柏市,35.87611,140.004778,84
C0606,セブン-イレブン,大阪府,堺市堺区,34.555637,135.51054,70
C0607,ミニストップ,東京都,練馬区,35.714024,139.677335,88
C0608,セブン-イレブン,東京都,千代田区,35.697347,139.765789,88
C0609,ファミリーマート,神奈川県,横浜市西区,35.440869,139.644603,71
C0610,ローソン,北海道,札幌市中央区,43.051711,141.318405,64
C0611,ファミリーマート,熊本県,熊本市中央区,32.809079,130.701205,114
C0612,セブン-イレブン,沖縄県,那覇市,26.327229,127.662579,51
C0613,ローソン,東京都,千代田区,35.709505,139.764833,85
C0614,ファミリーマート,埼玉県,さいたま市浦和区,35.880505,139.628269,74
C0615,ミニストップ,沖縄県,那覇市,26.307208,127.68057,80
C0616,デイリーヤマザキ,東京都,千代田区,35.702306,139.730657,57
C0617,ファミリーマート,東京都,杉並区,35.680229,139.618626,87
C0618,セブン-イレブン,大阪府,大阪市中央区,34.68629,135.524758,52
C0619,ミニストップ,東京都,新宿区,35.715329,139.72586,87
C0620,セブン-イレブン,千葉県,千葉市中央区,35.635189,140.116664,70
C0621,ローソン,大阪府,大阪市中央区,34.703986,135.480117,56
C0622,ローソン,大阪府,堺市堺区,34.56238,135.50366,106
C0623,セブン-イレブン,東京都,足立区,35.776098,139.804734,82
C0624,セブン-イレブン,愛知県,名古屋市中村区,35.196103,136.873945,89
C0625,ファミリーマート,東京都,練馬区,35.726082,139.674806,116
C0626,ローソン,東京都,世田谷区,35.673467,139.67802,40
C0627,セブン-イレブン,東京都,豊島区,35.699771,139.723518,116
C0628,ローソン,東京都,千代田区,35.720104,139.77443,94
C0629,ファミリーマート,東京都,世田谷区,35.673528,139.672951,103
C0630,セブン-イレブン,東京都,世田谷区,35.651998,139.649312,62
C0631,ファミリーマート,東京都,港区,35.63549,139.779472,111
C0632,ローソン,北海道,札幌市中央区,43.071959,141.31472,77
C0633,セブン-イレブン,埼玉県,さいたま市大宮区,35.912644,139.62691,96
C0634,ローソン,東京都,中央区,35.665101,139.779038,95
C0635,ローソン,東京都,足立区,35.792248,139.81244,63
C0636,ファミリーマート,東京都,八王子市,35.642077,139.325055,98
C0637,セブン-イレブン,大阪府,豊中市,34.782033,135.475269,93
C0638,ファミリーマート,愛知県,名古屋市中村区,35.191447,136.896262,92
C0639,ファミリーマート,東京都,新宿区,35.685323,139.701884,78
C0640,セブン-イレブン,東京都,新宿区,35.671661,139.708071,78
C0641,ローソン,神奈川県,横浜市中区,35.435465,139.64302,76
C0642,ファミリーマート,東京都,町田市,35.535464,139.475216,86
C0643,ローソン,神奈川県,横浜市中区,35.422676,139.622243,103
C0644,セブン-イレブン,東京都,中央区,35.699591,139.780433,60
C0645,セブン-イレブン,東京都,豊島区,35.707361,139.714544,79
C0646,ローソン,愛知県,名古屋市中区,35.174966,136.89914,63
C0647,セブン-イレブン,東京都,杉並区,35.676291,139.659566,114
C0648,ファミリーマート,京都府,京都市下京区,35.002593,135.756992,74
C0649,ファミリーマート,東京都,豊島区,35.742101,139.734879,98
C0650,ローソン,東京都,足立区,35.745404,139.775594,67
C0651,ファミリーマート,東京都,江東区,35.651544,139.813424,52
C0652,デイリーヤマザキ,東京都,江東区,35.654947,139.804046,49
C0653,セブン-イレブン,東京都,豊島区,35.706457,139.736852,90
C0654,セブン-イレブン,東京都,渋谷区,35.640071,139.717887,106
C0655,ローソン,東京都,新宿区,35.717101,139.693303,96
C0656,ファミリーマート,東京都,江東区,35.653282,139.818616,116
C0657,ファミリーマート,埼玉県,さいたま市大宮区,35.902023,139.643657,128
C0658,セブン-イレブン,東京都,新宿区,35.695953,139.714661,125
C0659,ファミリーマート,東京都,練馬区,35.744169,139.677261,92
C0660,セブン-イレブン,千葉県,千葉市中央区,35.585914,140.09083,56
C0661,セブン-イレブン,大阪府,大阪市天王寺区,34.630588,135.519496,64
C0662,ローソン,愛知県,名古屋市千種区,35.18846,136.951893,75
C0663,ファミリーマート,東京都,渋谷区,35.686945,139.713068,68
C0664,ローソン,東京都,渋谷区,35.665529,139.696998,111
C0665,ファミリーマート,新潟県,新潟市中央区,37.920871,139.044286,99
C0666,ローソン,東京都,豊島区,35.723125,139.700063,54
C0667,ファミリーマート,東京都,豊島区,35.718625,139.695433,100
C0668,ローソン,東京都,港区,35.645703,139.752129,73
C0669,セブン-イレブン,東京都,世田谷区,35.646736,139.643182,64
C0670,ファミリーマート,東京都,江東区,35.659381,139.788483,98
C0671,セブン-イレブン,東京都,八王子市,35.640553,139.340089,81
C0672,セブン-イレブン,神奈川県,川崎市中原区,35.562585,139.643664,118
C0673,ファミリーマート,東京都,新宿区,35.696762,139.693025,81
C0674,ローソン,愛知県,豊田市,35.103727,137.137439,73
C0675,セブン-イレブン,大阪府,大阪市中央区,34.7023,135.522971,71
C0676,セブン-イレブン,福岡県,福岡市中央区,33.580798,130.428811,84
C0677,ローソン,兵庫県,神戸市東灘区,34.735468,135.240713,47
C0678,ローソン,静岡県,静岡市葵区,34.959655,138.3964,40
C0679,セブン-イレブン,東京都,豊島区,35.73122,139.719157,44
C0680,セブン-イレブン,東京都,江東区,35.693748,139.812728,98
C0681,ファミリーマート,兵庫県,神戸市東灘区,34.716321,135.291177,103
C0682,セブン-イレブン,千葉県,柏市,35.882268,139.975988,92
C0683,ファミリーマート,大阪府,堺市堺区,34.556529,135.478543,90
C0684,セブン-イレブン,大阪府,豊中市,34.786217,135.474055,47
C0685,セブン-イレブン,東京都,千代田区,35.722635,139.783655,49
C0686,ファミリーマート,広島県,広島市中区,34.385453,132.451879,71
C0687,セブン-イレブン,静岡県,静岡市葵区,34.969186,138.381487,59
C0688,セブン-イレブン,大阪府,大阪市天王寺区,34.633285,135.529493,146
C0689,ローソン,東京都,渋谷区,35.670202,139.66961,107
C0690,セブン-イレブン,東京都,足立区,35.762466,139.806464,142
C0691,ファミリーマート,東京都,町田市,35.518663,139.436606,111
C0692,セブン-イレブン,長野県,長野市,36.646105,138.195589,76
C0693,ミニストップ,東京都,足立区,35.757389,139.827227,73
C0694,セブン-イレブン,大阪府,堺市堺区,34.577505,135.471619,132
C0695,ローソン,東京都,豊島区,35.723537,139.698102,117
C0696,ファミリーマート,埼玉県,さいたま市浦和区,35.84681,139.634733,88
C0697,ファミリーマート,神奈川県,藤沢市,35.338762,139.462345,120
C0698,セブン-イレブン,京都府,京都市下京区,35.011558,135.776541,109
C0699,ローソン,東京都,足立区,35.795991,139.799903,104
C0700,ファミリーマート,東京都,八王子市,35.675545,139.327911,121
C0701,ローソン,東京都,港区,35.63062,139.774133,118
C0702,ローソン,神奈川県,川崎市中原区,35.550005,139.673592,133
C0703,ミニストップ,北海道,札幌市北区,43.085677,141.356712,107
C0704,ファミリーマート,福岡県,福岡市博多区,33.606771,130.415606,106
C0705,セブン-イレブン,東京都,渋谷区,35.636678,139.669603,65
C0706,セブン-イレブン,東京都,町田市,35.541961,139.428664,61
C0707,セブン-イレブン,東京都,中央区,35.683546,139.750189,76
C0708,セブン-イレブン,東京都,町田市,35.557421,139.459815,65
C0709,ファミリーマート,東京都,八王子市,35.652749,139.295682,108
C0710,セブン-イレブン,東京都,渋谷区,35.678487,139.678107,60
C0711,セブン-イレブン,大阪府,豊中市,34.767395,135.466439,107
C0712,ファミリーマート,北海道,札幌市中央区,43.051523,141.313865,125
C0713,ファミリーマート,大阪府,大阪市天王寺区,34.662752,135.528602,120
C0714,ファミリーマート,東京都,八王子市,35.63892,139.308644,113
C0715,セブン-イレブン,東京都,豊島区,35.750525,139.697999,95
C0716,ローソン,東京都,千代田区,35.704798,139.72779,90
C0717,セブン-イレブン,新潟県,新潟市中央区,37.936123,139.045847,88
C0718,ローソン,神奈川県,横浜市中区,35.433361,139.645607,82
C0719,ミニストップ,大阪府,大阪市天王寺区,34.646704,135.514673,91
C0720,セブン-イレブン,東京都,練馬区,35.74524,139.622719,101
C0721,セブン-イレブン,東京都,豊島区,35.735478,139.702707,84
C0722,ファミリーマート,千葉県,柏市,35.884053,139.975975,84
C0723,ローソン,長野県,長野市,36.668476,138.206333,72
C0724,セブン-イレブン,東京都,港区,35.665852,139.744314,81
C0725,ローソン,京都府,京都市下京区,34.968976,135.73952,92
C0726,ローソン,沖縄県,那覇市,26.309051,127.652059,51
C0727,ファミリーマート,広島県,広島市中区,34.392662,132.473509,50
C0728,セブン-イレブン,東京都,千代田区,35.709536,139.731443,89
C0729,ファミリーマート,東京都,世田谷区,35.630613,139.627763,109
C0730,ファミリーマート,東京都,豊島区,35.734522,139.700284,112
C0731,デイリーヤマザキ,愛知県,名古屋市千種区,35.167624,136.96764,104
C0732,セブン-イレブン,福岡県,北九州市小倉北区,33.900507,130.870894,106
C0733,ローソン,埼玉県,さいたま市浦和区,35.845741,139.658972,80
C0734,ミニストップ,東京都,中央区,35.700303,139.790087,104
C0735,セブン-イレブン,愛知県,名古屋市中区,35.193362,136.910288,104
C0736,ファミリーマート,東京都,中央区,35.69822,139.745126,122
C0737,ミニストップ,長野県,長野市,36.628534,138.161421,47
C0738,ファミリーマート,東京都,豊島区,35.721574,139.714024,76
C0739,セブン-イレブン,東京都,渋谷区,35.659441,139.704351,79
C0740,セブン-イレブン,岡山県,岡山市北区,34.683746,133.93387,120
C0741,ファミリーマート,静岡県,静岡市葵区,34.968663,138.381243,59
C0742,セブン-イレブン,東京都,八王子市,35.693225,139.31492,106
C0743,ファミリーマート,福岡県,福岡市博多区,33.564994,130.445387,80
C0744,セブン-イレブン,神奈川県,川崎市中原区,35.568827,139.648351,119
C0745,ファミリーマート,東京都,杉並区,35.698851,139.626994,86
C0746,セブン-イレブン,広島県,広島市中区,34.413699,132.472822,73
C0747,ファミリーマート,東京都,江東区,35.667949,139.810679,88
C0748,デイリーヤマザキ,東京都,練馬区,35.710274,139.6751,65
C0749,セブン-イレブン,長野県,長野市,36.676928,138.160742,95
C0750,ローソン,福岡県,福岡市中央区,33.580915,130.411548,40
C0751,ファミリーマート,大阪府,大阪市天王寺区,34.626462,135.51212,73
C0752,ミニストップ,東京都,町田市,35.539685,139.459394,98
C0753,ローソン,東京都,千代田区,35.672873,139.760326,103
C0754,ファミリーマート,東京都,世田谷区,35.655756,139.632686,85
C0755,セブン-イレブン,東京都,新宿区,35.706697,139.696061,71
C0756,ミニストップ,東京都,港区,35.68056,139.730949,40
C0757,ローソン,東京都,八王子市,35.666039,139.317992,115
C0758,ローソン,愛知県,名古屋市千種区,35.196459,136.967165,68
C0759,ファミリーマート,東京都,港区,35.675852,139.769854,87
C0760,ローソン,愛知県,豊田市,35.053385,137.136104,107
C0761,セブン-イレブン,神奈川県,横浜市西区,35.482425,139.61707,72
C0762,セブン-イレブン,東京都,八王子市,35.647184,139.29406,100
C0763,ファミリーマート,東京都,町田市,35.524614,139.451026,93
C0764,ローソン,愛知県,豊田市,35.064513,137.184977,106
C0765,ファミリーマート,千葉県,船橋市,35.719778,139.959552,83
C0766,セブン-イレブン,東京都,港区,35.631856,139.72278,82
C0767,ファミリーマート,東京都,世田谷区,35.661632,139.62357,83
C0768,ローソン,大阪府,堺市堺区,34.545512,135.465664,151
C0769,ファミリーマート,福岡県,北九州市小倉北区,33.884204,130.903723,87
C0770,ファミリーマート,福岡県,福岡市博多区,33.580193,130.431912,118
C0771,セブン-イレブン,東京都,江東区,35.657376,139.808673,62
C0772,ローソン,熊本県,熊本市中央区,32.821376,130.678185,110
C0773,ファミリーマート,千葉県,船橋市,35.715125,140.008502,102
C0774,ミニストップ,神奈川県,横浜市中区,35.459086,139.622912,92
C0775,ローソン,東京都,町田市,35.570191,139.447895,88
C0776,ミニストップ,大阪府,大阪市天王寺区,34.642331,135.527027,88
C0777,ミニストップ,千葉県,柏市,35.882149,139.986676,92
C0778,ローソン,愛知県,豊田市,35.0739,137.182345,118
C0779,ファミリーマート,兵庫県,神戸市東灘区,34.7295,135.28197,109
C0780,ローソン,大阪府,大阪市中央区,34.703192,135.532574,104
C0781,ローソン,福岡県,北九州市小倉北区,33.854905,130.875876,130
C0782,デイリーヤマザキ,石川県,金沢市,36.559008,136.679785,114
C0783,ファミリーマート,新潟県,新潟市中央区,37.91844,139.020601,118
C0784,セブン-イレブン,愛知県,名古屋市中区,35.200602,136.880753,142
C0785,セブン-イレブン,京都府,京都市中京区,35.004009,135.745821,82
C0786,ローソン,静岡県,静岡市葵区,34.985929,138.408364,53
C0787,ファミリーマート,大阪府,大阪市天王寺区,34.670732,135.508968,95
C0788,セブン-イレブン,京都府,京都市下京区,34.981594,135.78361,122
C0789,ローソン,愛知県,豊田市,35.092235,137.173105,116
C0790,セブン-イレブン,東京都,世田谷区,35.633459,139.629683,84
C0791,ファミリーマート,東京都,江東区,35.654289,139.84352,78
C0792,ファミリーマート,東京都,練馬区,35.750215,139.640648,84
C0793,セブン-イレブン,大阪府,大阪市北区,34.699289,135.493422,95
C0794,セブン-イレブン,兵庫県,神戸市中央区,34.699825,135.202447,45
C0795,セブン-イレブン,東京都,港区,35.679142,139.739956,98
C0796,ローソン,東京都,豊島区,35.704846,139.703004,70
C0797,ローソン,愛知県,豊田市,35.102665,137.128061,77
C0798,セブン-イレブン,大阪府,豊中市,34.80186,135.474438,116
C0799,セブン-イレブン,大阪府,大阪市天王寺区,34.64049,135.54699,132
C0800,ローソン,東京都,渋谷区,35.684884,139.724066,106
C0801,ローソン,東京都,豊島区,35.751389,139.732562,115
C0802,ローソン,東京都,杉並区,35.724743,139.616552,58
C0803,ファミリーマート,東京都,千代田区,35.689346,139.752405,75
C0804,ローソン,東京都,中央区,35.657942,139.797384,110
C0805,ファミリーマート,愛知県,名古屋市中区,35.146839,136.898405,102
C0806,ミニストップ,東京都,中央区,35.659244,139.781278,41
C0807,ファミリーマート,神奈川県,藤沢市,35.339947,139.513833,101
C0808,ローソン,東京都,豊島区,35.717734,139.737368,133
C0809,ローソン,東京都,港区,35.679506,139.743593,127
C0810,セブン-イレブン,東京都,渋谷区,35.655335,139.696433,85
C0811,セブン-イレブン,兵庫県,神戸市東灘区,34.720926,135.260309,77
C0812,セブン-イレブン,愛知県,名古屋市千種区,35.148128,136.938799,95
C0813,ファミリーマート,東京都,練馬区,35.716349,139.666712,102
C0814,セブン-イレブン,大阪府,豊中市,34.77882,135.489092,40
C0815,ファミリーマート,東京都,足立区,35.771707,139.775696,99
C0816,ミニストップ,大阪府,大阪市天王寺区,34.636496,135.524211,98
C0817,ファミリーマート,長野県,長野市,36.662624,138.156673,69
C0818,ローソン,石川県,金沢市,36.548902,136.633514,76
C0819,ローソン,東京都,練馬区,35.757733,139.654251,57
C0820,ローソン,東京都,足立区,35.792008,139.806805,111
C0821,ローソン,東京都,中央区,35.673339,139.79113,65
C0822,ローソン,東京都,豊島区,35.70304,139.73772,55
C0823,セブン-イレブン,愛知県,名古屋市中区,35.167834,136.897858,121
C0824,セブン-イレブン,大阪府,堺市堺区,34.558406,135.498184,97
C0825,セブン-イレブン,東京都,港区,35.645915,139.778977,122
C0826,セブン-イレブン,大阪府,堺市堺区,34.54577,135.509748,150
C0827,セブン-イレブン,宮城県,仙台市青葉区,38.270046,140.848391,68
C0828,デイリーヤマザキ,広島県,広島市中区,34.39837,132.459635,91
C0829,ローソン,大阪府,豊中市,34.753684,135.442204,120
C0830,セブン-イレブン,東京都,豊島区,35.729124,139.721507,128
C0831,ローソン,東京都,杉並区,35.695321,139.639991,87
C0832,ファミリーマート,東京都,渋谷区,35.690684,139.708592,126
C0833,セブン-イレブン,兵庫県,神戸市東灘区,34.702226,135.277774,85
C0834,ローソン,大阪府,大阪市天王寺区,34.656819,135.527866,125
C0835,セブン-イレブン,神奈川県,横浜市中区,35.463294,139.626982,95
C0836,セブン-イレブン,岡山県,岡山市北区,34.648208,133.936888,66
C0837,ファミリーマート,大阪府,豊中市,34.770761,135.445338,126
C0838,ローソン,東京都,新宿区,35.680419,139.678877,66
C0839,セブン-イレブン,沖縄県,那覇市,26.362107,127.697964,111
C0840,ファミリーマート,千葉県,柏市,35.886408,139.951732,111
C0841,ファミリーマート,東京都,江東区,35.65992,139.803263,96
C0842,ローソン,東京都,練馬区,35.71684,139.670365,94
C0843,ローソン,大阪府,豊中市,34.7841,135.492921,62
C0844,ローソン,東京都,世田谷区,35.658793,139.662454,109
C0845,ファミリーマート,東京都,新宿区,35.680042,139.728106,74
C0846,ローソン,福岡県,福岡市中央区,33.585095,130.396467,71
C0847,ファミリーマート,東京都,八王子市,35.66412,139.303209,118
C0848,ミニストップ,愛知県,名古屋市中村区,35.154726,136.880138,81
C0849,セブン-イレブン,東京都,港区,35.674235,139.771715,83
C0850,セブン-イレブン,東京都,世田谷区,35.650519,139.628075,82
C0851,ミニストップ,東京都,杉並区,35.718501,139.607642,125
C0852,セブン-イレブン,兵庫県,神戸市中央区,34.689868,135.208107,78
C0853,ファミリーマート,大阪府,豊中市,34.758481,135.440834,107
C0854,ファミリーマート,東京都,千代田区,35.696059,139.744704,133
C0855,ローソン,石川県,金沢市,36.586228,136.68595,125
C0856,ファミリーマート,東京都,中央区,35.651112,139.797811,77
C0857,ミニストップ,福岡県,福岡市博多区,33.570489,130.413023,105
C0858,ファミリーマート,東京都,中央区,35.651229,139.800184,107
C0859,ローソン,東京都,練馬区,35.755904,139.673047,102
C0860,セブン-イレブン,東京都,町田市,35.518134,139.454871,73
C0861,ミニストップ,東京都,足立区,35.800747,139.832548,40
C0862,ローソン,兵庫県,神戸市中央区,34.710901,135.17045,84
C0863,ファミリーマート,東京都,千代田区,35.681901,139.73043,66
C0864,セブン-イレブン,東京都,足立区,35.770848,139.786853,122
C0865,ローソン,神奈川県,横浜市中区,35.438643,139.662787,132
C0866,ファミリーマート,東京都,世田谷区,35.638459,139.64487,91
C0867,ファミリーマート,北海道,札幌市中央区,43.041169,141.370362,75
C0868,ローソン,東京都,新宿区,35.664349,139.726015,67
C0869,セブン-イレブン,愛知県,名古屋市中村区,35.158094,136.850021,70
C0870,ローソン,東京都,千代田区,35.720903,139.781582,100
C0871,セブン-イレブン,沖縄県,那覇市,26.334344,127.680734,84
C0872,ローソン,愛知県,豊田市,35.076993,137.16956,78
C0873,ローソン,愛知県,豊田市,35.060885,137.183461,93
C0874,セブン-イレブン,東京都,江東区,35.684066,139.790122,77
C0875,ファミリーマート,埼玉県,川越市,35.930825,139.456482,69
C0876,ファミリーマート,東京都,港区,35.665057,139.764755,92
C0877,セブン-イレブン,東京都,渋谷区,35.640901,139.683812,78
C0878,ファミリーマート,東京都,八王子市,35.682963,139.292184,54
C0879,ファミリーマート,愛知県,名古屋市千種区,35.15232,136.966292,80
C0880,ファミリーマート,東京都,新宿区,35.680432,139.684531,79
C0881,セブン-イレブン,東京都,新宿区,35.675979,139.724861,67
C0882,デイリーヤマザキ,愛知県,名古屋市中区,35.154307,136.904565,110
C0883,ファミリーマート,東京都,中央区,35.644099,139.748603,50
C0884,セブン-イレブン,愛知県,名古屋市中村区,35.194706,136.852905,135
C0885,ローソン,東京都,千代田区,35.683298,139.741119,83
C0886,セブン-イレブン,東京都,八王子市,35.665477,139.306057,123
C0887,ローソン,東京都,港区,35.668978,139.767228,106
C0888,ローソン,埼玉県,さいたま市大宮区,35.911335,139.637283,107
C0889,セブン-イレブン,東京都,世田谷区,35.65106,139.628234,117
C0890,セブン-イレブン,大阪府,大阪市中央区,34.7091,135.533042,111
C0891,セブン-イレブン,埼玉県,さいたま市浦和区,35.858746,139.620918,122
C0892,ファミリーマート,東京都,練馬区,35.751659,139.654013,77
C0893,セブン-イレブン,東京都,渋谷区,35.659093,139.710696,122
C0894,ファミリーマート,千葉県,千葉市中央区,35.59784,140.097961,63
C0895,セブン-イレブン,大阪府,大阪市天王寺区,34.649168,135.517969,40
C0896,セブン-イレブン,福岡県,北九州市小倉北区,33.869449,130.904049,80
C0897,ミニストップ,東京都,杉並区,35.673648,139.665348,106
C0898,ファミリーマート,神奈川県,横浜市西区,35.466809,139.596499,132
C0899,ファミリーマート,東京都,八王子市,35.66975,139.309415,76
C0900,ファミリーマート,東京都,千代田区,35.699527,139.724532,79
C0901,ファミリーマート,京都府,京都市中京区,35.011229,135.772235,87
C0902,セブン-イレブン,東京都,杉並区,35.677146,139.620436,138
C0903,セブン-イレブン,神奈川県,横浜市中区,35.452377,139.664523,87
C0904,セブン-イレブン,千葉県,柏市,35.896801,140.005372,103
C0905,セブン-イレブン,東京都,豊島区,35.734919,139.723961,111
C0906,ローソン,兵庫県,神戸市東灘区,34.705842,135.248017,86
C0907,セブン-イレブン,北海道,札幌市北区,43.120116,141.348557,113
C0908,セブン-イレブン,愛知県,名古屋市千種区,35.156359,136.915938,91
C0909,ローソン,大阪府,堺市堺区,34.599341,135.487996,83
C0910,セブン-イレブン,兵庫県,神戸市東灘区,34.727574,135.276261,52
C0911,ファミリーマート,東京都,豊島区,35.715456,139.698235,56
C0912,ファミリーマート,東京都,足立区,35.788789,139.801034,54
C0913,ファミリーマート,東京都,新宿区,35.693758,139.700563,96
C0914,ミニストップ,神奈川県,藤沢市,35.321824,139.476923,75
C0915,ローソン,東京都,練馬区,35.75505,139.663242,95
C0916,ファミリーマート,東京都,八王子市,35.674707,139.31015,102
C0917,セブン-イレブン,愛知県,名古屋市千種区,35.186027,136.915707,109
C0918,セブン-イレブン,東京都,港区,35.677831,139.777081,104
C0919,ローソン,東京都,新宿区,35.680059,139.729316,54
C0920,ローソン,東京都,千代田区,35.696542,139.773095,64
C0921,セブン-イレブン,千葉県,千葉市中央区,35.585354,140.12158,125
C0922,ファミリーマート,東京都,練馬区,35.720629,139.654612,61
C0923,ファミリーマート,東京都,杉並区,35.671272,139.609672,78
C0924,ファミリーマート,千葉県,柏市,35.838073,139.959459,86
C0925,ファミリーマート,東京都,世田谷区,35.637199,139.640211,123
C0926,ローソン,大阪府,豊中市,34.805097,135.469509,72
C0927,セブン-イレブン,長野県,長野市,36.678388,138.167909,109
C0928,ミニストップ,東京都,江東区,35.648088,139.789601,100
C0929,ファミリーマート,東京都,渋谷区,35.654091,139.678882,42
C0930,ファミリーマート,大阪府,豊中市,34.76822,135.492524,113
C0931,ファミリーマート,東京都,杉並区,35.692147,139.622924,127
C0932,ローソン,福岡県,北九州市小倉北区,33.911683,130.892667,65
C0933,セブン-イレブン,東京都,新宿区,35.690802,139.720811,135
C0934,ファミリーマート,東京都,新宿区,35.707602,139.68168,83
C0935,セブン-イレブン,東京都,練馬区,35.752052,139.643157,61
C0936,ファミリーマート,熊本県,熊本市中央区,32.811196,130.686293,91
C0937,ミニストップ,兵庫県,神戸市東灘区,34.712991,135.27296,61
C0938,セブン-イレブン,神奈川県,川崎市中原区,35.551017,139.672895,82
C0939,ローソン,神奈川県,横浜市中区,35.462678,139.62116,110
C0940,ローソン,東京都,豊島区,35.717744,139.714436,102
C0941,セブン-イレブン,東京都,新宿区,35.718682,139.694652,115
C0942,ファミリーマート,東京都,新宿区,35.714115,139.70609,54
C0943,ファミリーマート,京都府,京都市中京区,34.993644,135.742475,89
C0944,セブン-イレブン,愛知県,名古屋市中区,35.184985,136.920767,77
C0945,セブン-イレブン,東京都,八王子市,35.642361,139.320896,56
C0946,セブン-イレブン,東京都,渋谷区,35.642477,139.682703,94
C0947,ローソン,東京都,千代田区,35.68899,139.769925,76
C0948,ミニストップ,神奈川県,横浜市中区,35.442211,139.651353,92
C0949,ファミリーマート,東京都,八王子市,35.636793,139.292676,123
C0950,セブン-イレブン,大阪府,大阪市中央区,34.660621,135.503783,103
C0951,ミニストップ,東京都,八王子市,35.663258,139.328684,88
C0952,セブン-イレブン,東京都,練馬区,35.761887,139.63831,122
C0953,ファミリーマート,東京都,港区,35.685064,139.765588,83
C0954,ローソン,東京都,足立区,35.803559,139.811305,94
C0955,ローソン,東京都,港区,35.656645,139.760162,69
C0956,ファミリーマート,東京都,中央区,35.666453,139.758195,103
C0957,ファミリーマート,東京都,港区,35.674728,139.741128,90
C0958,セブン-イレブン,東京都,港区,35.628659,139.775581,104
C0959,セブン-イレブン,東京都,渋谷区,35.689752,139.68242,117
C0960,デイリーヤマザキ,東京都,中央区,35.670028,139.744883,106
C0961,セブン-イレブン,東京都,港区,35.686832,139.766101,118
C0962,ファミリーマート,東京都,練馬区,35.72735,139.629771,82
C0963,セブン-イレブン,大阪府,豊中市,34.804791,135.470215,46
C0964,ローソン,東京都,千代田区,35.692617,139.776129,89
C0965,セブン-イレブン,東京都,千代田区,35.704942,139.728725,46
C0966,セブン-イレブン,東京都,世田谷区,35.656888,139.631452,46
C0967,デイリーヤマザキ,愛知県,名古屋市中村区,35.171097,136.901537,66
C0968,ファミリーマート,福岡県,福岡市中央区,33.567872,130.38645,70
C0969,ミニストップ,大阪府,大阪市中央区,34.653401,135.522766,82
C0970,ファミリーマート,石川県,金沢市,36.588481,136.660014,73
C0971,セブン-イレブン,石川県,金沢市,36.531897,136.671979,71
C0972,ローソン,埼玉県,さいたま市大宮区,35.905935,139.628288,136
C0973,セブン-イレブン,東京都,渋谷区,35.63809,139.702591,84
C0974,ファミリーマート,愛知県,名古屋市中村区,35.200169,136.900709,97
C0975,ファミリーマート,福岡県,福岡市博多区,33.61545,130.44739,118
C0976,セブン-イレブン,東京都,江東区,35.667542,139.824181,84
C0977,ファミリーマート,大阪府,豊中市,34.781749,135.477478,85
C0978,ファミリーマート,東京都,足立区,35.797645,139.834475,99
C0979,デイリーヤマザキ,東京都,中央区,35.644424,139.789435,80
C0980,セブン-イレブン,東京都,渋谷区,35.656549,139.702208,59
C0981,セブン-イレブン,千葉県,千葉市中央区,35.62945,140.116149,73
C0982,ローソン,神奈川県,川崎市中原区,35.552547,139.640816,112
C0983,ミニストップ,東京都,港区,35.651817,139.746987,82
C0984,ファミリーマート,東京都,江東区,35.655758,139.831477,95
C0985,ファミリーマート,東京都,新宿区,35.696705,139.729912,100
C0986,デイリーヤマザキ,神奈川県,藤沢市,35.357452,139.463744,103
C0987,ローソン,埼玉県,さいたま市大宮区,35.934714,139.613805,91
C0988,ファミリーマート,福岡県,福岡市博多区,33.575124,130.401566,95
C0989,セブン-イレブン,東京都,新宿区,35.668903,139.725427,65
C0990,ローソン,東京都,豊島区,35.707045,139.689225,97
C0991,ファミリーマート,北海道,札幌市北区,43.118802,141.328814,108
C0992,ファミリーマート,東京都,町田市,35.565031,139.474935,146
C0993,ミニストップ,東京都,八王子市,35.670219,139.335381,40
C0994,ローソン,東京都,豊島区,35.730709,139.694677,70
C0995,ローソン,大阪府,堺市堺区,34.587061,135.502514,89
C0996,ミニストップ,北海道,札幌市北区,43.090967,141.329984,85
C0997,ローソン,福岡県,北九州市小倉北区,33.868768,130.889337,149
C0998,ファミリーマート,千葉県,船橋市,35.703335,139.987703,85
C0999,ローソン,東京都,千代田区,35.675259,139.765787,95
C1000,セブン-イレブン,東京都,豊島区,35.70747,139.726778,56
