STORE_ID,STORE_NAME,PREFECTURE,CITY,LATITUDE,LONGITUDE,STORE_TYPE,FLOOR_AREA_SQM,OPEN_DATE,NEAREST_STATION
S001,天王寺二丁目店,大阪府,大阪市天王寺区,34.642796,135.504582,直営,132,2018-02-19,天王寺
S002,東京一丁目店,東京都,千代田区,35.694214,139.735061,FC,124,2013-12-21,東京
S003,高尾ニュータウン店,東京都,八王子市,35.657128,139.330772,直営,100,2016-06-09,高尾
S004,白山北口店,新潟県,新潟市中央区,37.89971,139.019869,直営,85,2023-06-20,白山
S005,日本橋市役所前店,東京都,中央区,35.655993,139.788892,直営,118,2020-10-28,日本橋
S006,池袋中央店,東京都,豊島区,35.732451,139.726923,直営,109,2011-04-28,池袋
S007,高円寺駅ビル店,東京都,杉並区,35.686506,139.631211,直営,81,2020-11-03,高円寺
S008,原宿一丁目店,東京都,渋谷区,35.650536,139.693178,直営,65,2024-11-23,原宿
S009,豊中一丁目店,大阪府,豊中市,34.793872,135.482202,直営,92,2024-10-23,豊中
S010,堺東インター店,大阪府,堺市堺区,34.558715,135.468585,直営,105,2021-09-18,堺東
S011,天満商店街店,大阪府,大阪市北区,34.70048,135.517893,直営,118,2022-01-28,天満
S012,寺田町ロードサイド店,大阪府,大阪市天王寺区,34.656856,135.514391,直営,122,2019-08-17,寺田町
S013,武蔵小杉北口店,神奈川県,川崎市中原区,35.583268,139.661479,直営,96,2011-05-14,武蔵小杉
S014,秋葉原二丁目店,東京都,千代田区,35.712876,139.764478,直営,135,2018-02-28,秋葉原
S015,川越市モール前店,埼玉県,川越市,35.912956,139.480957,直営,132,2024-09-01,川越市
S016,町田駅ビル店,東京都,町田市,35.563149,139.460267,直営,152,2014-04-02,町田
S017,藤沢南口店,神奈川県,藤沢市,35.350276,139.502641,直営,130,2012-03-22,藤沢
S018,元住吉病院前店,神奈川県,川崎市中原区,35.590897,139.656926,FC,95,2013-09-25,元住吉
S019,大塚商店街店,東京都,豊島区,35.745806,139.721995,直営,72,2011-04-08,大塚
S020,秋葉原一丁目店,東京都,千代田区,35.697538,139.734288,直営,111,2021-11-02,秋葉原
S021,広瀬通南口店,宮城県,仙台市青葉区,38.268566,140.861139,直営,69,2021-10-19,広瀬通
S022,西小倉本町店,福岡県,北九州市小倉北区,33.866773,130.882359,直営,102,2015-07-14,西小倉
S023,星ヶ丘北口店,愛知県,名古屋市千種区,35.153425,136.954129,直営,103,2013-04-18,星ヶ丘
S024,高尾インター店,東京都,八王子市,35.655992,139.332931,直営,88,2017-09-04,高尾
S025,金沢南口店,石川県,金沢市,36.578055,136.669948,直営,114,2013-07-02,金沢
S026,大手町二丁目店,東京都,千代田区,35.711061,139.765405,FC,124,2014-07-23,大手町
S027,片町大学前店,石川県,金沢市,36.547192,136.647868,直営,132,2018-01-24,片町
S028,日本橋病院前店,東京都,中央区,35.687775,139.773245,FC,93,2010-09-03,日本橋
S029,銀座一丁目店,東京都,中央区,35.667151,139.789664,直営,70,2010-10-03,銀座
S030,天満公園前店,大阪府,大阪市北区,34.723388,135.48617,直営,86,2021-06-08,天満
S031,四谷大通り店,東京都,新宿区,35.692289,139.720161,直営,103,2019-10-04,四谷
S032,大塚東口店,東京都,豊島区,35.74333,139.731235,直営,98,2024-04-12,大塚
S033,南大沢大通り店,東京都,八王子市,35.670467,139.335489,FC,98,2023-09-10,南大沢
S034,六本木二丁目店,東京都,港区,35.642617,139.735281,直営,97,2018-03-09,六本木
S035,大塚本町店,東京都,豊島区,35.7335,139.730117,直営,80,2024-01-03,大塚
S036,川越駅前店,埼玉県,川越市,35.918342,139.471233,直営,99,2014-03-24,川越
S037,金山駅前店,愛知県,名古屋市中区,35.155475,136.926802,直営,94,2010-06-19,金山
S038,八王子大通り店,東京都,八王子市,35.660586,139.333324,直営,86,2023-01-12,八王子
S039,三軒茶屋駅ビル店,東京都,世田谷区,35.657205,139.668365,直営,71,2012-04-28,三軒茶屋
S040,大宮ロードサイド店,埼玉県,さいたま市大宮区,35.886991,139.640463,直営,119,2015-07-26,大宮
S041,千種二丁目店,愛知県,名古屋市千種区,35.157368,136.953051,FC,94,2017-04-07,千種
S042,鶴川一丁目店,東京都,町田市,35.536917,139.453401,FC,104,2016-06-09,鶴川
S043,北長瀬駅ビル店,岡山県,岡山市北区,34.667659,133.930987,直営,130,2010-02-09,北長瀬
S044,北長瀬中央店,岡山県,岡山市北区,34.646336,133.932383,直営,96,2021-06-14,北長瀬
S045,石川町ニュータウン店,神奈川県,横浜市中区,35.431603,139.619775,FC,72,2022-09-22,石川町
S046,三河豊田本町店,愛知県,豊田市,35.077569,137.138799,直営,111,2020-06-20,三河豊田
S047,蘇我大通り店,千葉県,千葉市中央区,35.607285,140.112676,直営,82,2018-03-07,蘇我
S048,摂津本山西口店,兵庫県,神戸市東灘区,34.724621,135.262038,直営,134,2018-01-10,摂津本山
S049,南大沢モール前店,東京都,八王子市,35.672188,139.3146,直営,83,2017-12-06,南大沢
S050,高円寺モール前店,東京都,杉並区,35.693408,139.649737,直営,106,2022-04-22,高円寺
S051,大宮駅前店,埼玉県,さいたま市大宮区,35.887849,139.650357,直営,67,2017-07-21,大宮
S052,中村公園大学前店,愛知県,名古屋市中村区,35.166986,136.857903,FC,72,2021-01-25,中村公園
S053,南柏一丁目店,千葉県,柏市,35.855035,139.994319,直営,92,2013-02-15,南柏
S054,成瀬市役所前店,東京都,町田市,35.551818,139.465002,FC,99,2024-08-20,成瀬
S055,大通市役所前店,北海道,札幌市中央区,43.052837,141.327366,直営,117,2022-04-27,大通
S056,祇園大学前店,福岡県,福岡市博多区,33.59507,130.411984,直営,79,2011-12-10,祇園
S057,大泉学園南口店,東京都,練馬区,35.721535,139.64125,直営,86,2011-07-14,大泉学園
S058,町田本町店,東京都,町田市,35.561316,139.442579,直営,63,2022-10-23,町田
S059,柏の葉キャンパス商店街店,千葉県,柏市,35.867079,139.99371,FC,92,2024-07-18,柏の葉キャンパス
S060,新丸子一丁目店,神奈川県,川崎市中原区,35.575529,139.650917,直営,123,2017-01-13,新丸子
S061,千里中央西口店,大阪府,豊中市,34.79462,135.486782,直営,130,2024-07-19,千里中央
S062,秋葉原ロードサイド店,東京都,千代田区,35.679428,139.752468,直営,96,2010-05-13,秋葉原
S063,鶴川商店街店,東京都,町田市,35.53913,139.465048,直営,58,2017-01-24,鶴川
S064,香林坊一丁目店,石川県,金沢市,36.567006,136.667249,直営,122,2020-01-25,香林坊
S065,三軒茶屋モール前店,東京都,世田谷区,35.632095,139.638049,直営,84,2013-08-23,三軒茶屋
S066,門前仲町モール前店,東京都,江東区,35.691549,139.825734,直営,71,2022-03-10,門前仲町
S067,大手町ニュータウン店,東京都,千代田区,35.701094,139.772327,FC,68,2011-10-23,大手町
S068,二子玉川大通り店,東京都,世田谷区,35.660012,139.657016,直営,123,2011-10-26,二子玉川
S069,桜木町駅ビル店,神奈川県,横浜市中区,35.426758,139.643902,FC,126,2017-02-14,桜木町
S070,鶴橋東口店,大阪府,大阪市天王寺区,34.650419,135.528352,FC,102,2020-05-20,鶴橋
S071,元住吉インター店,神奈川県,川崎市中原区,35.573423,139.669241,FC,94,2023-02-09,元住吉
S072,下北沢ニュータウン店,東京都,世田谷区,35.650413,139.64816,直営,148,2010-08-28,下北沢
S073,鶴川二丁目店,東京都,町田市,35.541614,139.462213,直営,93,2010-09-07,鶴川
S074,中村公園市役所前店,愛知県,名古屋市中村区,35.181327,136.879624,直営,80,2020-12-16,中村公園
S075,大手町一丁目店,東京都,千代田区,35.690176,139.743732,直営,87,2018-09-12,大手町
S076,新豊田駅ビル店,愛知県,豊田市,35.091114,137.146837,FC,79,2014-04-04,新豊田
S077,大泉学園市役所前店,東京都,練馬区,35.754035,139.659607,FC,114,2014-12-19,大泉学園
S078,石川町北口店,神奈川県,横浜市中区,35.457305,139.62985,直営,138,2015-03-10,石川町
S079,元住吉中央店,神奈川県,川崎市中原区,35.594972,139.662134,FC,95,2023-08-04,元住吉
S080,辻堂大学前店,神奈川県,藤沢市,35.338619,139.477375,直営,87,2010-05-28,辻堂
S081,北浦和大学前店,埼玉県,さいたま市浦和区,35.844963,139.650178,FC,113,2019-05-03,北浦和
S082,高田馬場モール前店,東京都,新宿区,35.697845,139.707737,直営,104,2022-09-13,高田馬場
S083,南大沢ロードサイド店,東京都,八王子市,35.658215,139.320841,直営,68,2022-04-21,南大沢
S084,堺一丁目店,大阪府,堺市堺区,34.559953,135.466003,直営,73,2010-07-15,堺
S085,町田一丁目店,東京都,町田市,35.539524,139.438309,FC,106,2013-05-26,町田
S086,梅田ロードサイド店,大阪府,大阪市北区,34.690591,135.486992,直営,92,2012-05-27,梅田
S087,日本橋モール前店,東京都,中央区,35.680958,139.774768,直営,96,2021-05-23,日本橋
S088,高円寺大学前店,東京都,杉並区,35.69751,139.640921,直営,112,2024-07-24,高円寺
S089,三軒茶屋一丁目店,東京都,世田谷区,35.664476,139.666438,直営,50,2022-11-27,三軒茶屋
S090,銀座大学前店,東京都,中央区,35.671759,139.769689,直営,72,2014-03-19,銀座
S091,浦和大学前店,埼玉県,さいたま市浦和区,35.855918,139.638332,直営,76,2015-07-23,浦和
S092,堺東市役所前店,大阪府,堺市堺区,34.554468,135.466522,FC,56,2014-06-04,堺東
S093,西新井駅前店,東京都,足立区,35.781306,139.806704,直営,86,2015-10-25,西新井
S094,八王子本町店,東京都,八王子市,35.656682,139.301241,直営,108,2014-08-23,八王子
S095,秋葉原モール前店,東京都,千代田区,35.705973,139.762391,FC,98,2016-02-08,秋葉原
S096,紙屋町北口店,広島県,広島市中区,34.397908,132.445159,直営,103,2024-12-10,紙屋町
S097,阿佐ヶ谷大学前店,東京都,杉並区,35.689749,139.639051,FC,57,2018-12-05,阿佐ヶ谷
S098,阿佐ヶ谷公園前店,東京都,杉並区,35.71737,139.63731,FC,137,2023-01-10,阿佐ヶ谷
S099,川越市大学前店,埼玉県,川越市,35.93961,139.483862,直営,77,2022-09-13,川越市
S100,練馬一丁目店,東京都,練馬区,35.738872,139.641342,直営,102,2022-07-02,練馬
S101,鶴川東口店,東京都,町田市,35.547813,139.428481,FC,66,2023-02-28,鶴川
S102,品川駅前店,東京都,港区,35.666898,139.747399,直営,99,2020-03-03,品川
S103,北長瀬モール前店,岡山県,岡山市北区,34.669708,133.940993,FC,129,2023-09-13,北長瀬
S104,鶴橋市役所前店,大阪府,大阪市天王寺区,34.634436,135.501737,FC,60,2020-11-10,鶴橋
S105,新豊田北口店,愛知県,豊田市,35.093415,137.164156,直営,112,2014-01-02,新豊田
S106,日本橋駅ビル店,東京都,中央区,35.668227,139.761768,FC,108,2016-10-22,日本橋
S107,渋谷モール前店,東京都,渋谷区,35.678834,139.702788,直営,103,2012-04-15,渋谷
S108,成瀬駅前店,東京都,町田市,35.563956,139.44561,直営,155,2014-11-18,成瀬
S109,高尾大通り店,東京都,八王子市,35.671558,139.312972,直営,99,2013-07-28,高尾
S110,二子玉川駅ビル店,東京都,世田谷区,35.648992,139.672708,直営,148,2014-01-27,二子玉川
S111,高円寺中央店,東京都,杉並区,35.716425,139.646807,FC,126,2022-04-20,高円寺
S112,池袋モール前店,東京都,豊島区,35.716025,139.726223,FC,53,2022-11-22,池袋
S113,寺田町中央店,大阪府,大阪市天王寺区,34.645357,135.516633,FC,64,2011-05-11,寺田町
S114,渋谷市役所前店,東京都,渋谷区,35.679058,139.692634,直営,80,2018-05-27,渋谷
S115,紙屋町大通り店,広島県,広島市中区,34.401862,132.452549,直営,148,2012-04-28,紙屋町
S116,千里中央市役所前店,大阪府,豊中市,34.775631,135.481627,直営,142,2010-05-18,千里中央
S117,門前仲町二丁目店,東京都,江東区,35.676382,139.829897,直営,111,2013-08-01,門前仲町
S118,岡本モール前店,兵庫県,神戸市東灘区,34.708855,135.252529,直営,95,2023-08-23,岡本
S119,北千住中央店,東京都,足立区,35.79285,139.797175,直営,88,2024-09-05,北千住
S120,門前仲町市役所前店,東京都,江東区,35.669765,139.826691,直営,100,2012-07-21,門前仲町
S121,みなとみらい二丁目店,神奈川県,横浜市西区,35.447309,139.616821,FC,50,2023-06-04,みなとみらい
S122,門前仲町駅ビル店,東京都,江東区,35.655422,139.808035,直営,121,2011-08-03,門前仲町
S123,寺田町駅前店,大阪府,大阪市天王寺区,34.635023,135.51234,FC,143,2013-02-27,寺田町
S124,池袋一丁目店,東京都,豊島区,35.719142,139.701902,直営,96,2024-10-01,池袋
S125,おもろまち市役所前店,沖縄県,那覇市,26.325026,127.66798,FC,96,2010-06-26,おもろまち
S126,梅田西口店,大阪府,大阪市北区,34.696615,135.48307,FC,95,2016-09-04,梅田
S127,鶴川病院前店,東京都,町田市,35.551747,139.44508,直営,106,2021-11-17,鶴川
S128,天王寺中央店,大阪府,大阪市天王寺区,34.672943,135.532892,直営,133,2016-11-04,天王寺
S129,仙台南口店,宮城県,仙台市青葉区,38.260884,140.855933,直営,124,2019-09-23,仙台
S130,片町大通り店,石川県,金沢市,36.559149,136.660217,FC,124,2011-12-04,片町
S131,三国ヶ丘本町店,大阪府,堺市堺区,34.570203,135.498524,直営,59,2016-07-24,三国ヶ丘
S132,南大沢二丁目店,東京都,八王子市,35.660972,139.302106,直営,124,2024-08-03,南大沢
S133,品川北口店,東京都,港区,35.667784,139.745906,直営,106,2018-09-11,品川
S134,西新井ロードサイド店,東京都,足立区,35.789724,139.813842,直営,106,2014-10-10,西新井
S135,藤沢東口店,神奈川県,藤沢市,35.347269,139.47897,直営,137,2015-02-25,藤沢
S136,下北沢市役所前店,東京都,世田谷区,35.664982,139.665737,直営,130,2019-11-21,下北沢
S137,本町二丁目店,大阪府,大阪市中央区,34.662158,135.500931,FC,104,2015-01-06,本町
S138,辻堂南口店,神奈川県,藤沢市,35.326675,139.495327,直営,50,2010-02-24,辻堂
S139,竹ノ塚公園前店,東京都,足立区,35.761296,139.797465,直営,73,2019-02-02,竹ノ塚
S140,博多南口店,福岡県,福岡市博多区,33.580884,130.427478,直営,153,2017-10-15,博多
S141,巣鴨北口店,東京都,豊島区,35.719807,139.700436,直営,85,2018-11-10,巣鴨
S142,西新井中央店,東京都,足立区,35.755307,139.797057,直営,69,2013-03-25,西新井
S143,練馬大学前店,東京都,練馬区,35.745881,139.639028,直営,71,2018-09-27,練馬
S144,亀戸中央店,東京都,江東区,35.670449,139.81539,直営,126,2011-06-19,亀戸
S145,西新井大通り店,東京都,足立区,35.759607,139.785834,直営,79,2019-08-27,西新井
S146,亀戸北口店,東京都,江東区,35.662733,139.820555,FC,140,2018-02-13,亀戸
S147,豊田市公園前店,愛知県,豊田市,35.094165,137.139055,FC,79,2013-06-12,豊田市
S148,浦和一丁目店,埼玉県,さいたま市浦和区,35.846112,139.635239,FC,77,2012-10-05,浦和
S149,堺大学前店,大阪府,堺市堺区,34.571558,135.485549,直営,66,2024-10-21,堺
S150,寺田町公園前店,大阪府,大阪市天王寺区,34.639038,135.501731,FC,81,2017-11-10,寺田町
S151,中津病院前店,大阪府,大阪市北区,34.688968,135.49647,FC,123,2014-02-21,中津
S152,蘇我モール前店,千葉県,千葉市中央区,35.607283,140.104508,直営,105,2018-12-02,蘇我
S153,北大宮本町店,埼玉県,さいたま市大宮区,35.898861,139.630025,直営,105,2011-06-23,北大宮
S154,天王寺一丁目店,大阪府,大阪市天王寺区,34.661305,135.538639,直営,107,2018-09-20,天王寺
S155,亀戸商店街店,東京都,江東区,35.669351,139.810535,直営,63,2020-06-03,亀戸
S156,辻堂大通り店,神奈川県,藤沢市,35.33108,139.504063,直営,74,2024-10-28,辻堂
S157,新橋東口店,東京都,港区,35.67467,139.743409,FC,79,2012-10-23,新橋
S158,石神井公園公園前店,東京都,練馬区,35.748527,139.658805,FC,69,2023-12-22,石神井公園
S159,新橋ロードサイド店,東京都,港区,35.65834,139.731729,直営,77,2015-08-07,新橋
S160,新宿大通り店,東京都,新宿区,35.707777,139.687046,FC,157,2022-09-27,新宿
S161,桜木町公園前店,神奈川県,横浜市中区,35.459056,139.642721,直営,88,2012-12-25,桜木町
S162,勾当台公園インター店,宮城県,仙台市青葉区,38.249748,140.864572,直営,91,2021-04-15,勾当台公園
S163,中洲川端一丁目店,福岡県,福岡市博多区,33.59136,130.413379,直営,110,2023-04-12,中洲川端
S164,辻堂インター店,神奈川県,藤沢市,35.351778,139.501125,FC,73,2018-09-14,辻堂
S165,与野東口店,埼玉県,さいたま市浦和区,35.87692,139.627087,FC,76,2024-02-23,与野
S166,千葉中央南口店,千葉県,千葉市中央区,35.617525,140.096912,FC,102,2024-09-05,千葉中央
S167,六本木インター店,東京都,港区,35.673385,139.768219,FC,78,2015-04-13,六本木
S168,豊洲公園前店,東京都,江東区,35.690233,139.830567,直営,112,2020-06-26,豊洲
S169,日本橋東口店,東京都,中央区,35.681354,139.770764,FC,59,2010-05-07,日本橋
S170,新丸子モール前店,神奈川県,川崎市中原区,35.577111,139.644447,直営,63,2014-04-10,新丸子
S171,二子玉川モール前店,東京都,世田谷区,35.644285,139.637434,直営,127,2010-11-17,二子玉川
S172,中村公園ロードサイド店,愛知県,名古屋市中村区,35.151063,136.866113,直営,81,2019-07-06,中村公園
S173,品川南口店,東京都,港区,35.676136,139.752763,直営,106,2010-07-28,品川
S174,鶴橋二丁目店,大阪府,大阪市天王寺区,34.662893,135.513284,FC,71,2011-06-08,鶴橋
S175,寺田町東口店,大阪府,大阪市天王寺区,34.634773,135.520841,FC,106,2022-11-15,寺田町
S176,町田東口店,東京都,町田市,35.530524,139.458048,直営,85,2017-01-10,町田
S177,小倉公園前店,福岡県,北九州市小倉北区,33.900335,130.876615,直営,131,2014-01-25,小倉
S178,荻窪公園前店,東京都,杉並区,35.690929,139.648974,直営,97,2016-07-24,荻窪
S179,白山西口店,新潟県,新潟市中央区,37.915848,139.035901,直営,126,2022-02-24,白山
S180,八王子市役所前店,東京都,八王子市,35.657751,139.300104,直営,86,2015-11-10,八王子
S181,心斎橋西口店,大阪府,大阪市中央区,34.688591,135.504062,直営,148,2015-10-14,心斎橋
S182,おもろまち南口店,沖縄県,那覇市,26.341847,127.677248,直営,113,2018-12-22,おもろまち
S183,秋葉原インター店,東京都,千代田区,35.675392,139.736689,直営,104,2016-10-02,秋葉原
S184,千里中央駅ビル店,大阪府,豊中市,34.778758,135.453075,直営,76,2012-09-12,千里中央
S185,堺北口店,大阪府,堺市堺区,34.554037,135.470442,直営,50,2011-05-25,堺
S186,南大沢大学前店,東京都,八王子市,35.654007,139.301429,FC,93,2011-08-06,南大沢
S187,八王子公園前店,東京都,八王子市,35.672714,139.324382,FC,80,2014-03-23,八王子
S188,栄駅ビル店,愛知県,名古屋市中区,35.17135,136.893854,FC,93,2013-03-08,栄
S189,秋葉原ニュータウン店,東京都,千代田区,35.688756,139.766146,直営,67,2011-02-10,秋葉原
S190,中村公園病院前店,愛知県,名古屋市中村区,35.167432,136.868377,FC,89,2019-02-05,中村公園
S191,鶴橋インター店,大阪府,大阪市天王寺区,34.660204,135.512781,FC,131,2020-10-06,鶴橋
S192,四谷中央店,東京都,新宿区,35.707256,139.703724,直営,69,2014-03-06,四谷
S193,中村公園大通り店,愛知県,名古屋市中村区,35.184837,136.862024,直営,79,2012-11-10,中村公園
S194,新橋西口店,東京都,港区,35.661672,139.754226,FC,76,2012-11-20,新橋
S195,本町中央店,大阪府,大阪市中央区,34.694009,135.491135,直営,134,2019-05-21,本町
S196,湘南台駅前店,神奈川県,藤沢市,35.340922,139.495087,直営,110,2014-11-10,湘南台
S197,北大宮商店街店,埼玉県,さいたま市大宮区,35.897897,139.613919,直営,125,2017-08-07,北大宮
S198,四谷公園前店,東京都,新宿区,35.703368,139.717431,直営,109,2016-03-25,四谷
S199,辻堂一丁目店,神奈川県,藤沢市,35.339659,139.480699,直営,100,2014-07-28,辻堂
S200,三軒茶屋公園前店,東京都,世田谷区,35.66335,139.661845,FC,111,2013-03-16,三軒茶屋
S201,鶴川大学前店,東京都,町田市,35.528927,139.464809,直営,50,2013-10-12,鶴川
S202,高円寺大通り店,東京都,杉並区,35.701468,139.650887,FC,97,2016-03-09,高円寺
S203,中洲川端中央店,福岡県,福岡市博多区,33.586023,130.423811,直営,110,2011-07-17,中洲川端
S204,新丸子北口店,神奈川県,川崎市中原区,35.561147,139.643867,FC,129,2015-06-18,新丸子
S205,博多モール前店,福岡県,福岡市博多区,33.590365,130.421003,直営,113,2015-08-17,博多
S206,本町東口店,大阪府,大阪市中央区,34.674119,135.514523,FC,103,2012-07-20,本町
S207,阿佐ヶ谷病院前店,東京都,杉並区,35.713132,139.638294,直営,94,2023-01-12,阿佐ヶ谷
S208,品川ニュータウン店,東京都,港区,35.650307,139.766951,直営,79,2023-12-21,品川
S209,成瀬ニュータウン店,東京都,町田市,35.551105,139.455856,FC,86,2020-12-20,成瀬
S210,西新井一丁目店,東京都,足立区,35.756263,139.822928,直営,92,2011-04-01,西新井
S211,高尾本町店,東京都,八王子市,35.662415,139.326999,FC,144,2021-12-02,高尾
S212,桜木町大学前店,神奈川県,横浜市中区,35.445019,139.63055,直営,75,2012-08-18,桜木町
S213,門前仲町大学前店,東京都,江東区,35.660691,139.806861,直営,83,2014-05-23,門前仲町
S214,伏見大学前店,愛知県,名古屋市中区,35.164952,136.926348,直営,93,2022-12-09,伏見
S215,湘南台商店街店,神奈川県,藤沢市,35.35683,139.485781,直営,75,2012-05-02,湘南台
S216,中村公園インター店,愛知県,名古屋市中村区,35.177239,136.881894,直営,135,2013-04-27,中村公園
S217,神戸二丁目店,兵庫県,神戸市中央区,34.675491,135.201627,直営,84,2020-09-08,神戸
S218,日本橋公園前店,東京都,中央区,35.679694,139.756022,FC,90,2022-03-01,日本橋
S219,おもろまちロードサイド店,沖縄県,那覇市,26.341116,127.696226,直営,64,2022-05-11,おもろまち
S220,銀座ニュータウン店,東京都,中央区,35.660289,139.781547,直営,105,2023-01-06,銀座
S221,川越商店街店,埼玉県,川越市,35.936518,139.473452,直営,99,2014-01-01,川越
S222,心斎橋大通り店,大阪府,大阪市中央区,34.679174,135.515652,FC,50,2018-08-05,心斎橋
S223,町田北口店,東京都,町田市,35.541227,139.456245,FC,76,2010-12-11,町田
S224,藤沢西口店,神奈川県,藤沢市,35.345438,139.495549,直営,68,2016-07-17,藤沢
S225,北千住西口店,東京都,足立区,35.794267,139.804098,FC,102,2016-04-15,北千住
S226,新静岡ニュータウン店,静岡県,静岡市葵区,34.984915,138.363457,直営,98,2020-06-23,新静岡
S227,堺東大通り店,大阪府,堺市堺区,34.559389,135.490443,直営,146,2022-05-23,堺東
S228,紙屋町駅ビル店,広島県,広島市中区,34.396585,132.447765,直営,75,2012-08-05,紙屋町
S229,篠ノ井ロードサイド店,長野県,長野市,36.659078,138.197512,直営,102,2023-04-25,篠ノ井
S230,博多病院前店,福岡県,福岡市博多区,33.58787,130.429151,直営,55,2011-10-04,博多
S231,新丸子本町店,神奈川県,川崎市中原区,35.578908,139.645994,FC,85,2011-11-07,新丸子
S232,平沼橋インター店,神奈川県,横浜市西区,35.478348,139.620137,直営,126,2018-07-15,平沼橋
S233,湘南台大通り店,神奈川県,藤沢市,35.349931,139.485838,直営,116,2019-02-02,湘南台
S234,金山中央店,愛知県,名古屋市中区,35.188383,136.891761,直営,62,2024-08-02,金山
S235,渋谷ロードサイド店,東京都,渋谷区,35.658978,139.713653,直営,50,2016-07-03,渋谷
S236,三国ヶ丘東口店,大阪府,堺市堺区,34.579141,135.476911,直営,117,2012-09-13,三国ヶ丘
S237,千種駅前店,愛知県,名古屋市千種区,35.181247,136.96414,FC,61,2016-09-13,千種
S238,下北沢東口店,東京都,世田谷区,35.637026,139.670496,FC,109,2021-02-02,下北沢
S239,八王子一丁目店,東京都,八王子市,35.654243,139.300036,FC,132,2021-01-08,八王子
S240,北千住市役所前店,東京都,足立区,35.763691,139.819549,FC,107,2010-03-17,北千住
S241,二子玉川ニュータウン店,東京都,世田谷区,35.638756,139.656917,直営,89,2014-03-22,二子玉川
S242,高尾中央店,東京都,八王子市,35.668269,139.319667,直営,80,2021-03-21,高尾
S243,武蔵小杉駅ビル店,神奈川県,川崎市中原区,35.593663,139.666854,直営,104,2016-07-05,武蔵小杉
S244,原宿大学前店,東京都,渋谷区,35.653639,139.687014,FC,78,2023-12-05,原宿
S245,八丁堀ロードサイド店,広島県,広島市中区,34.410711,132.461291,直営,112,2013-06-21,八丁堀
S246,高尾南口店,東京都,八王子市,35.667425,139.329176,直営,113,2010-05-13,高尾
S247,難波本町店,大阪府,大阪市中央区,34.693186,135.513503,FC,91,2013-06-10,難波
S248,東京北口店,東京都,千代田区,35.703875,139.764173,直営,84,2024-04-23,東京
S249,池袋市役所前店,東京都,豊島区,35.718865,139.707322,直営,64,2014-05-12,池袋
S250,横浜大学前店,神奈川県,横浜市西区,35.476465,139.614809,直営,107,2013-06-11,横浜
S251,藤沢駅前店,神奈川県,藤沢市,35.331431,139.50739,直営,77,2012-04-11,藤沢
S252,藤沢大学前店,神奈川県,藤沢市,35.343026,139.507739,FC,87,2015-05-25,藤沢
S253,法界院大学前店,岡山県,岡山市北区,34.660433,133.944311,FC,91,2018-08-06,法界院
S254,新丸子中央店,神奈川県,川崎市中原区,35.576958,139.673563,FC,110,2011-11-02,新丸子
S255,西新井南口店,東京都,足立区,35.783287,139.785366,FC,75,2019-11-22,西新井
S256,八丁堀大学前店,広島県,広島市中区,34.372629,132.460288,直営,99,2016-01-01,八丁堀
S257,阿佐ヶ谷駅前店,東京都,杉並区,35.700089,139.644914,直営,50,2012-02-04,阿佐ヶ谷
S258,二子玉川病院前店,東京都,世田谷区,35.636097,139.647178,直営,125,2022-07-03,二子玉川
S259,西新井商店街店,東京都,足立区,35.770171,139.807108,FC,103,2012-02-16,西新井
S260,鶴橋ニュータウン店,大阪府,大阪市天王寺区,34.672093,135.537954,直営,101,2024-09-02,鶴橋
S261,北12条ニュータウン店,北海道,札幌市北区,43.09002,141.322862,直営,150,2024-09-19,北12条
S262,恵比寿駅前店,東京都,渋谷区,35.682459,139.701481,直営,125,2022-12-27,恵比寿
S263,六本木ニュータウン店,東京都,港区,35.647619,139.764386,FC,59,2015-07-25,六本木
S264,南小倉南口店,福岡県,北九州市小倉北区,33.883032,130.894973,直営,134,2010-02-14,南小倉
S265,新橋モール前店,東京都,港区,35.676194,139.746868,直営,100,2014-08-16,新橋
S266,元住吉ロードサイド店,神奈川県,川崎市中原区,35.56343,139.663435,直営,93,2016-02-25,元住吉
S267,北大宮南口店,埼玉県,さいたま市大宮区,35.889282,139.617169,直営,91,2021-07-11,北大宮
S268,品川インター店,東京都,港区,35.652397,139.741791,直営,65,2012-02-06,品川
S269,湘南台ロードサイド店,神奈川県,藤沢市,35.325132,139.473585,直営,68,2022-06-28,湘南台
S270,阿佐ヶ谷南口店,東京都,杉並区,35.708994,139.639381,直営,88,2013-10-17,阿佐ヶ谷
S271,北千住二丁目店,東京都,足立区,35.767045,139.804725,FC,124,2016-05-16,北千住
S272,豊洲大学前店,東京都,江東区,35.676752,139.804822,直営,110,2011-03-10,豊洲
S273,西新井公園前店,東京都,足立区,35.772609,139.802225,直営,116,2019-03-10,西新井
S274,住吉大学前店,兵庫県,神戸市東灘区,34.712567,135.288583,直営,67,2015-05-24,住吉
S275,平沼橋一丁目店,神奈川県,横浜市西区,35.459035,139.613212,直営,105,2024-10-07,平沼橋
S276,新丸子市役所前店,神奈川県,川崎市中原区,35.557077,139.669089,FC,76,2021-04-15,新丸子
S277,川越ロードサイド店,埼玉県,川越市,35.931919,139.471567,FC,93,2012-12-14,川越
S278,築地大学前店,東京都,中央区,35.67429,139.773375,直営,118,2024-12-14,築地
S279,西小倉市役所前店,福岡県,北九州市小倉北区,33.886753,130.892576,直営,114,2020-06-06,西小倉
S280,築地商店街店,東京都,中央区,35.689672,139.765264,直営,111,2022-07-04,築地
S281,二子玉川市役所前店,東京都,世田谷区,35.649221,139.656009,直営,76,2022-11-19,二子玉川
S282,渋谷大学前店,東京都,渋谷区,35.648182,139.694639,FC,108,2011-02-27,渋谷
S283,高田馬場公園前店,東京都,新宿区,35.692213,139.691275,直営,71,2017-12-23,高田馬場
S284,銀座北口店,東京都,中央区,35.651903,139.765723,直営,103,2011-11-26,銀座
S285,おもろまち病院前店,沖縄県,那覇市,26.321978,127.667405,直営,50,2013-07-21,おもろまち
S286,鶴橋商店街店,大阪府,大阪市天王寺区,34.634168,135.523564,直営,76,2013-08-19,鶴橋
S287,東京本町店,東京都,千代田区,35.685134,139.76215,直営,109,2022-09-06,東京
S288,池袋二丁目店,東京都,豊島区,35.732828,139.715579,直営,68,2020-06-20,池袋
S289,北千住駅ビル店,東京都,足立区,35.769079,139.803314,直営,117,2022-05-20,北千住
S290,千里中央北口店,大阪府,豊中市,34.770543,135.454678,直営,133,2015-12-05,千里中央
S291,八王子ニュータウン店,東京都,八王子市,35.661348,139.30343,直営,74,2020-03-18,八王子
S292,荻窪インター店,東京都,杉並区,35.704776,139.651621,直営,71,2010-08-05,荻窪
S293,西新井病院前店,東京都,足立区,35.781123,139.801365,直営,60,2017-08-06,西新井
S294,東京大通り店,東京都,千代田区,35.675308,139.742994,直営,102,2014-03-25,東京
S295,新豊田市役所前店,愛知県,豊田市,35.083432,137.158909,FC,96,2015-09-27,新豊田
S296,中洲川端市役所前店,福岡県,福岡市博多区,33.578742,130.418006,直営,131,2021-11-25,中洲川端
S297,柏インター店,千葉県,柏市,35.858513,139.990488,FC,142,2011-04-07,柏
S298,中津モール前店,大阪府,大阪市北区,34.711311,135.484639,直営,126,2012-04-27,中津
S299,日本橋二丁目店,東京都,中央区,35.674874,139.758735,直営,120,2019-05-28,日本橋
S300,北24条東口店,北海道,札幌市北区,43.109511,141.352428,FC,97,2024-01-09,北24条
S301,新宿一丁目店,東京都,新宿区,35.67985,139.695884,直営,100,2016-08-05,新宿
S302,阿佐ヶ谷商店街店,東京都,杉並区,35.69808,139.642345,直営,148,2024-02-13,阿佐ヶ谷
S303,阿佐ヶ谷インター店,東京都,杉並区,35.71801,139.630092,FC,143,2021-02-24,阿佐ヶ谷
S304,寺田町駅ビル店,大阪府,大阪市天王寺区,34.667004,135.530827,FC,100,2016-04-14,寺田町
S305,みなとみらい大通り店,神奈川県,横浜市西区,35.45951,139.625117,直営,73,2015-11-25,みなとみらい
S306,品川西口店,東京都,港区,35.655651,139.731027,FC,88,2016-04-23,品川
S307,南柏西口店,千葉県,柏市,35.882977,139.991064,FC,119,2011-06-22,南柏
S308,恵比寿大通り店,東京都,渋谷区,35.67304,139.708209,FC,113,2016-11-03,恵比寿
S309,大手町南口店,東京都,千代田区,35.679308,139.743048,直営,98,2021-06-27,大手町
S310,津田沼東口店,千葉県,船橋市,35.694108,139.972158,直営,96,2011-12-26,津田沼
S311,石神井公園東口店,東京都,練馬区,35.731309,139.664535,直営,125,2020-03-03,石神井公園
S312,秋葉原西口店,東京都,千代田区,35.691604,139.762897,FC,74,2020-12-05,秋葉原
S313,心斎橋本町店,大阪府,大阪市中央区,34.664468,135.494019,直営,100,2016-06-14,心斎橋
S314,高田馬場南口店,東京都,新宿区,35.683927,139.70704,FC,66,2021-10-10,高田馬場
S315,庄内大通り店,大阪府,豊中市,34.769218,135.474277,FC,109,2020-01-26,庄内
S316,新静岡商店街店,静岡県,静岡市葵区,34.96051,138.382983,FC,123,2019-02-17,新静岡
S317,大手町公園前店,東京都,千代田区,35.679279,139.768433,直営,78,2020-03-25,大手町
S318,長野駅前店,長野県,長野市,36.654495,138.161552,FC,90,2013-01-02,長野
S319,竹ノ塚病院前店,東京都,足立区,35.785684,139.801943,直営,70,2018-10-05,竹ノ塚
S320,大泉学園本町店,東京都,練馬区,35.754973,139.638215,直営,120,2015-07-19,大泉学園
S321,川越市南口店,埼玉県,川越市,35.917407,139.483499,直営,117,2013-02-14,川越市
S322,難波大通り店,大阪府,大阪市中央区,34.687643,135.516322,FC,94,2012-02-01,難波
S323,栄大学前店,愛知県,名古屋市中区,35.189121,136.90992,FC,108,2012-06-05,栄
S324,柏の葉キャンパス北口店,千葉県,柏市,35.878857,139.957174,直営,60,2022-07-09,柏の葉キャンパス
S325,二子玉川南口店,東京都,世田谷区,35.645846,139.653431,直営,146,2012-06-06,二子玉川
S326,新橋北口店,東京都,港区,35.647136,139.751353,直営,116,2010-01-08,新橋
S327,豊洲西口店,東京都,江東区,35.690246,139.831299,直営,50,2021-11-14,豊洲
S328,二子玉川公園前店,東京都,世田谷区,35.63685,139.636115,直営,81,2015-02-17,二子玉川
S329,銀座病院前店,東京都,中央区,35.690257,139.790163,直営,125,2014-05-11,銀座
S330,鶴川本町店,東京都,町田市,35.539664,139.45838,直営,111,2021-10-08,鶴川
S331,中津本町店,大阪府,大阪市北区,34.715299,135.499862,直営,104,2024-07-01,中津
S332,門前仲町駅前店,東京都,江東区,35.69104,139.797058,FC,86,2020-07-28,門前仲町
S333,練馬病院前店,東京都,練馬区,35.755325,139.648793,直営,165,2012-12-09,練馬
S334,五条ロードサイド店,京都府,京都市下京区,34.999034,135.7539,直営,83,2021-02-19,五条
S335,高田馬場ニュータウン店,東京都,新宿区,35.696713,139.700399,直営,117,2014-06-26,高田馬場
S336,本川越公園前店,埼玉県,川越市,35.92311,139.475344,FC,95,2013-03-25,本川越
S337,六本木西口店,東京都,港区,35.655983,139.743561,直営,117,2022-04-15,六本木
S338,荻窪南口店,東京都,杉並区,35.686305,139.644442,直営,116,2023-12-23,荻窪
S339,大塚南口店,東京都,豊島区,35.734446,139.734736,FC,93,2014-05-27,大塚
S340,大手町インター店,東京都,千代田区,35.696238,139.756005,FC,104,2011-08-04,大手町
S341,新宿中央店,東京都,新宿区,35.707215,139.722303,FC,131,2015-11-21,新宿
S342,新橋二丁目店,東京都,港区,35.674697,139.733999,直営,134,2011-04-21,新橋
S343,高田馬場北口店,東京都,新宿区,35.675708,139.70144,直営,116,2023-12-13,高田馬場
S344,竹ノ塚西口店,東京都,足立区,35.769158,139.821332,FC,128,2014-05-15,竹ノ塚
S345,秋葉原大通り店,東京都,千代田区,35.693956,139.769311,直営,89,2016-03-14,秋葉原
S346,柏の葉キャンパス一丁目店,千葉県,柏市,35.87323,139.988087,FC,101,2022-01-13,柏の葉キャンパス
S347,門前仲町ニュータウン店,東京都,江東区,35.673096,139.812535,FC,109,2013-01-26,門前仲町
S348,日本橋ニュータウン店,東京都,中央区,35.690984,139.790959,直営,119,2011-04-22,日本橋
S349,桜木町中央店,神奈川県,横浜市中区,35.454562,139.655912,FC,50,2016-06-27,桜木町
S350,渋谷ニュータウン店,東京都,渋谷区,35.65672,139.707524,FC,67,2015-10-01,渋谷
S351,門前仲町東口店,東京都,江東区,35.675524,139.804529,直営,151,2017-09-10,門前仲町
S352,銀座モール前店,東京都,中央区,35.659752,139.773058,直営,96,2010-06-20,銀座
S353,四谷西口店,東京都,新宿区,35.710751,139.716771,FC,97,2019-12-05,四谷
S354,千葉中央駅ビル店,千葉県,千葉市中央区,35.615182,140.112486,直営,104,2019-02-11,千葉中央
S355,新宿ロードサイド店,東京都,新宿区,35.705674,139.721426,FC,90,2018-12-20,新宿
S356,巣鴨西口店,東京都,豊島区,35.721135,139.72536,FC,87,2014-03-06,巣鴨
S357,日吉町商店街店,静岡県,静岡市葵区,34.99003,138.393833,直営,85,2015-10-08,日吉町
S358,品川東口店,東京都,港区,35.651247,139.734112,直営,93,2015-06-06,品川
S359,法界院公園前店,岡山県,岡山市北区,34.659865,133.925608,直営,100,2014-02-24,法界院
S360,西新井西口店,東京都,足立区,35.790382,139.804723,直営,109,2016-06-18,西新井
S361,川越市一丁目店,埼玉県,川越市,35.911506,139.468948,直営,111,2015-05-04,川越市
S362,恵比寿西口店,東京都,渋谷区,35.673279,139.699882,直営,82,2024-02-11,恵比寿
S363,心斎橋駅前店,大阪府,大阪市中央区,34.678253,135.516145,直営,79,2010-02-11,心斎橋
S364,巣鴨市役所前店,東京都,豊島区,35.734882,139.725199,直営,83,2014-11-10,巣鴨
S365,品川市役所前店,東京都,港区,35.671594,139.737144,直営,83,2014-11-21,品川
S366,池袋本町店,東京都,豊島区,35.712833,139.707672,直営,120,2011-08-28,池袋
S367,西小倉大学前店,福岡県,北九州市小倉北区,33.898795,130.8666,直営,84,2015-07-12,西小倉
S368,日本橋インター店,東京都,中央区,35.661536,139.785483,FC,80,2019-01-05,日本橋
S369,堺駅ビル店,大阪府,堺市堺区,34.585327,135.479559,直営,100,2010-07-27,堺
S370,法界院ニュータウン店,岡山県,岡山市北区,34.677266,133.93405,FC,82,2011-07-28,法界院
S371,平沼橋ニュータウン店,神奈川県,横浜市西区,35.473101,139.626811,FC,130,2012-03-07,平沼橋
S372,高田馬場ロードサイド店,東京都,新宿区,35.682077,139.715903,直営,128,2012-10-09,高田馬場
S373,千種南口店,愛知県,名古屋市千種区,35.166524,136.940894,FC,90,2017-01-26,千種
S374,中津北口店,大阪府,大阪市北区,34.702578,135.483928,FC,117,2019-10-25,中津
S375,六本木北口店,東京都,港区,35.66943,139.765699,直営,137,2014-07-21,六本木
S376,難波西口店,大阪府,大阪市中央区,34.672017,135.495754,直営,64,2019-11-23,難波
S377,竹ノ塚一丁目店,東京都,足立区,35.756972,139.804009,直営,97,2015-05-10,竹ノ塚
S378,平沼橋北口店,神奈川県,横浜市西区,35.4849,139.611118,FC,123,2014-12-15,平沼橋
S379,大泉学園ロードサイド店,東京都,練馬区,35.740199,139.635571,FC,50,2016-12-16,大泉学園
S380,船橋病院前店,千葉県,船橋市,35.70666,139.965625,直営,119,2021-09-13,船橋
S381,蘇我駅前店,千葉県,千葉市中央区,35.593949,140.121007,FC,102,2010-08-02,蘇我
S382,伏見駅ビル店,愛知県,名古屋市中区,35.18394,136.909205,直営,108,2020-02-22,伏見
S383,門前仲町インター店,東京都,江東区,35.660103,139.831819,FC,80,2012-05-24,門前仲町
S384,六本木商店街店,東京都,港区,35.639986,139.765153,直営,87,2022-04-28,六本木
S385,池袋ロードサイド店,東京都,豊島区,35.726531,139.730585,直営,137,2017-03-21,池袋
S386,大宮二丁目店,埼玉県,さいたま市大宮区,35.910334,139.64872,直営,92,2021-12-21,大宮
S387,麻生インター店,北海道,札幌市北区,43.08108,141.339668,直営,79,2016-10-04,麻生
S388,香林坊市役所前店,石川県,金沢市,36.566894,136.660362,直営,58,2014-11-04,香林坊
S389,石神井公園二丁目店,東京都,練馬区,35.726446,139.660444,直営,116,2012-09-25,石神井公園
S390,築地公園前店,東京都,中央区,35.67823,139.780851,直営,86,2020-08-10,築地
S391,高尾公園前店,東京都,八王子市,35.675062,139.304895,直営,57,2024-11-12,高尾
S392,蘇我市役所前店,千葉県,千葉市中央区,35.594245,140.089904,FC,90,2012-12-09,蘇我
S393,藤沢公園前店,神奈川県,藤沢市,35.347177,139.47889,直営,108,2016-06-12,藤沢
S394,荻窪大学前店,東京都,杉並区,35.682147,139.642376,直営,149,2019-10-03,荻窪
S395,池袋商店街店,東京都,豊島区,35.727194,139.712524,FC,109,2013-06-14,池袋
S396,大通東口店,北海道,札幌市中央区,43.047655,141.349627,直営,89,2022-02-16,大通
S397,篠ノ井中央店,長野県,長野市,36.631189,138.171941,FC,101,2022-03-16,篠ノ井
S398,天神モール前店,福岡県,福岡市中央区,33.587348,130.396176,直営,84,2016-08-13,天神
S399,桜木町駅前店,神奈川県,横浜市中区,35.45968,139.648274,直営,95,2010-11-24,桜木町
S400,伏見大通り店,愛知県,名古屋市中区,35.156157,136.904342,直営,99,2019-05-06,伏見
S401,日本橋ロードサイド店,東京都,中央区,35.686519,139.791819,FC,70,2015-04-06,日本橋
S402,四条駅前店,京都府,京都市下京区,34.980137,135.768087,直営,144,2012-04-24,四条
S403,横浜駅ビル店,神奈川県,横浜市西区,35.474444,139.633685,直営,74,2022-09-20,横浜
S404,片町北口店,石川県,金沢市,36.567143,136.63679,直営,125,2021-02-14,片町
S405,高田馬場大学前店,東京都,新宿区,35.702075,139.69122,直営,98,2016-11-04,高田馬場
S406,高円寺東口店,東京都,杉並区,35.696753,139.652945,直営,96,2018-12-20,高円寺
S407,新宿大学前店,東京都,新宿区,35.681946,139.69099,直営,97,2013-06-23,新宿
S408,原宿本町店,東京都,渋谷区,35.671528,139.697227,直営,130,2013-01-01,原宿
S409,勾当台公園大学前店,宮城県,仙台市青葉区,38.253966,140.853603,直営,60,2011-05-21,勾当台公園
S410,篠ノ井二丁目店,長野県,長野市,36.649571,138.164992,直営,97,2012-01-28,篠ノ井
S411,さいたま新都心ロードサイド店,埼玉県,さいたま市大宮区,35.915542,139.6148,直営,100,2023-03-22,さいたま新都心
S412,石神井公園モール前店,東京都,練馬区,35.726732,139.661323,直営,92,2015-06-06,石神井公園
S413,竹ノ塚二丁目店,東京都,足立区,35.788428,139.812596,直営,74,2024-03-04,竹ノ塚
S414,千種北口店,愛知県,名古屋市千種区,35.167641,136.94863,直営,103,2022-10-22,千種
S415,心斎橋モール前店,大阪府,大阪市中央区,34.662153,135.517379,直営,135,2012-08-16,心斎橋
S416,北千住南口店,東京都,足立区,35.765465,139.79757,FC,50,2021-11-17,北千住
S417,湘南台一丁目店,神奈川県,藤沢市,35.360116,139.496794,直営,83,2021-10-04,湘南台
S418,今池駅ビル店,愛知県,名古屋市千種区,35.177548,136.950656,直営,125,2012-09-20,今池
S419,天王寺病院前店,大阪府,大阪市天王寺区,34.666954,135.533075,直営,106,2017-06-08,天王寺
S420,高円寺一丁目店,東京都,杉並区,35.70202,139.632146,直営,92,2023-04-03,高円寺
S421,さいたま新都心南口店,埼玉県,さいたま市大宮区,35.920264,139.628883,直営,121,2020-01-04,さいたま新都心
S422,秋葉原駅前店,東京都,千代田区,35.707036,139.765671,FC,119,2019-11-10,秋葉原
S423,湘南台インター店,神奈川県,藤沢市,35.359014,139.484534,FC,116,2017-06-18,湘南台
S424,天満駅ビル店,大阪府,大阪市北区,34.714637,135.482561,直営,105,2022-11-08,天満
S425,門前仲町大通り店,東京都,江東区,35.674908,139.811956,FC,141,2017-03-27,門前仲町
S426,名古屋二丁目店,愛知県,名古屋市中村区,35.175434,136.859502,直営,133,2024-07-07,名古屋
S427,大濠公園公園前店,福岡県,福岡市中央区,33.574311,130.395579,FC,142,2019-02-25,大濠公園
S428,成瀬病院前店,東京都,町田市,35.533385,139.446953,直営,78,2018-12-02,成瀬
S429,南大沢病院前店,東京都,八王子市,35.677243,139.332407,直営,94,2023-03-04,南大沢
S430,中津商店街店,大阪府,大阪市北区,34.702747,135.50236,直営,85,2021-04-09,中津
S431,亀戸インター店,東京都,江東区,35.685192,139.802527,FC,58,2018-05-27,亀戸
S432,津田沼市役所前店,千葉県,船橋市,35.700303,139.971036,直営,68,2019-12-10,津田沼
S433,京都西口店,京都府,京都市下京区,34.991156,135.766772,直営,94,2015-09-16,京都
S434,摂津本山ロードサイド店,兵庫県,神戸市東灘区,34.72697,135.285755,直営,111,2018-05-28,摂津本山
S435,東京駅前店,東京都,千代田区,35.689235,139.736123,直営,118,2022-03-10,東京
S436,新宿本町店,東京都,新宿区,35.704144,139.684292,直営,106,2023-08-04,新宿
S437,庄内一丁目店,大阪府,豊中市,34.790697,135.472451,直営,103,2022-12-10,庄内
S438,日本橋商店街店,東京都,中央区,35.667663,139.783524,直営,143,2020-06-18,日本橋
S439,豊田市モール前店,愛知県,豊田市,35.097754,137.170418,直営,83,2020-12-23,豊田市
S440,祇園モール前店,福岡県,福岡市博多区,33.577859,130.429997,直営,106,2013-05-15,祇園
S441,豊中西口店,大阪府,豊中市,34.790403,135.454774,直営,119,2014-03-06,豊中
S442,下北沢インター店,東京都,世田谷区,35.654388,139.639192,直営,105,2012-06-20,下北沢
S443,神戸大通り店,兵庫県,神戸市中央区,34.689622,135.199907,FC,72,2015-09-08,神戸
S444,桜木町西口店,神奈川県,横浜市中区,35.440637,139.639481,FC,134,2011-06-08,桜木町
S445,堺東駅ビル店,大阪府,堺市堺区,34.564743,135.501012,直営,79,2018-11-01,堺東
S446,豊洲モール前店,東京都,江東区,35.689744,139.806753,直営,80,2010-11-11,豊洲
S447,小倉商店街店,福岡県,北九州市小倉北区,33.873264,130.884959,FC,129,2022-06-17,小倉
S448,八王子病院前店,東京都,八王子市,35.649294,139.299838,直営,104,2022-09-18,八王子
S449,築地本町店,東京都,中央区,35.685598,139.768968,直営,124,2021-12-25,築地
S450,浦和東口店,埼玉県,さいたま市浦和区,35.84295,139.653675,直営,118,2010-02-03,浦和
S451,南小倉ニュータウン店,福岡県,北九州市小倉北区,33.895865,130.892439,直営,77,2016-07-11,南小倉
S452,庄内駅前店,大阪府,豊中市,34.786657,135.474734,直営,115,2022-12-19,庄内
S453,千葉中央病院前店,千葉県,千葉市中央区,35.591245,140.117476,直営,96,2022-08-13,千葉中央
S454,堺東西口店,大阪府,堺市堺区,34.574339,135.468455,FC,110,2016-09-10,堺東
S455,四谷駅ビル店,東京都,新宿区,35.712296,139.683446,直営,109,2010-01-19,四谷
S456,武蔵小杉大通り店,神奈川県,川崎市中原区,35.564402,139.669657,直営,90,2021-06-07,武蔵小杉
S457,寺田町西口店,大阪府,大阪市天王寺区,34.64036,135.523675,直営,99,2020-10-28,寺田町
S458,三河豊田インター店,愛知県,豊田市,35.088787,137.138926,直営,112,2020-02-09,三河豊田
S459,今池公園前店,愛知県,名古屋市千種区,35.165286,136.951852,直営,101,2011-04-11,今池
S460,大泉学園大通り店,東京都,練馬区,35.743738,139.638096,直営,120,2019-06-26,大泉学園
S461,八王子ロードサイド店,東京都,八王子市,35.657067,139.310379,直営,90,2017-08-15,八王子
S462,大泉学園北口店,東京都,練馬区,35.723031,139.656265,FC,79,2023-05-28,大泉学園
S463,札幌二丁目店,北海道,札幌市中央区,43.064342,141.346065,直営,92,2023-09-21,札幌
S464,中津ニュータウン店,大阪府,大阪市北区,34.69451,135.479466,直営,50,2014-09-18,中津
S465,赤坂商店街店,福岡県,福岡市中央区,33.578932,130.409886,直営,97,2017-09-17,赤坂
S466,豊洲一丁目店,東京都,江東区,35.686919,139.829262,FC,79,2019-11-06,豊洲
S467,新宿西口店,東京都,新宿区,35.696654,139.705633,直営,109,2021-08-12,新宿
S468,博多二丁目店,福岡県,福岡市博多区,33.584777,130.402712,直営,89,2013-09-26,博多
S469,鶴川中央店,東京都,町田市,35.529596,139.452941,FC,152,2020-05-27,鶴川
S470,湘南台西口店,神奈川県,藤沢市,35.336066,139.485141,直営,139,2019-11-27,湘南台
S471,三軒茶屋病院前店,東京都,世田谷区,35.642234,139.665689,直営,75,2024-10-01,三軒茶屋
S472,新宿南口店,東京都,新宿区,35.694582,139.694232,直営,136,2012-03-06,新宿
S473,名古屋一丁目店,愛知県,名古屋市中村区,35.167585,136.865209,直営,128,2017-04-19,名古屋
S474,川越一丁目店,埼玉県,川越市,35.906726,139.488939,直営,124,2012-03-21,川越
S475,札幌中央店,北海道,札幌市中央区,43.041654,141.357898,FC,74,2019-11-01,札幌
S476,今池南口店,愛知県,名古屋市千種区,35.159664,136.949261,直営,97,2017-08-06,今池
S477,北千住ニュータウン店,東京都,足立区,35.787818,139.792275,FC,89,2021-11-11,北千住
S478,梅田一丁目店,大阪府,大阪市北区,34.701128,135.483289,FC,83,2010-04-17,梅田
S479,みなとみらい東口店,神奈川県,横浜市西区,35.47022,139.609097,FC,127,2024-09-17,みなとみらい
S480,新橋市役所前店,東京都,港区,35.671101,139.766879,直営,80,2022-11-21,新橋
S481,八王子大学前店,東京都,八王子市,35.677582,139.311249,直営,65,2022-12-19,八王子
S482,高田馬場一丁目店,東京都,新宿区,35.710403,139.686353,直営,78,2019-09-14,高田馬場
S483,秋葉原病院前店,東京都,千代田区,35.678713,139.734288,直営,78,2015-07-12,秋葉原
S484,南大沢市役所前店,東京都,八王子市,35.662942,139.310626,FC,68,2014-11-13,南大沢
S485,西新井大学前店,東京都,足立区,35.762149,139.807364,FC,50,2019-06-25,西新井
S486,星ヶ丘一丁目店,愛知県,名古屋市千種区,35.168864,136.952972,直営,107,2012-02-07,星ヶ丘
S487,南小倉モール前店,福岡県,北九州市小倉北区,33.890882,130.884272,直営,134,2010-02-27,南小倉
S488,二条南口店,京都府,京都市中京区,34.993563,135.747871,FC,154,2011-10-02,二条
S489,二条モール前店,京都府,京都市中京区,35.017247,135.750459,直営,108,2022-03-21,二条
S490,秋葉原本町店,東京都,千代田区,35.675344,139.757981,直営,98,2018-12-08,秋葉原
S491,千里中央一丁目店,大阪府,豊中市,34.787201,135.489026,直営,117,2016-06-22,千里中央
S492,天満駅前店,大阪府,大阪市北区,34.715477,135.480745,FC,110,2011-09-10,天満
S493,湘南台駅ビル店,神奈川県,藤沢市,35.334899,139.502621,直営,109,2017-07-19,湘南台
S494,原宿北口店,東京都,渋谷区,35.666345,139.698127,直営,163,2015-02-26,原宿
S495,二子玉川二丁目店,東京都,世田谷区,35.653768,139.671642,直営,60,2022-06-25,二子玉川
S496,成瀬大学前店,東京都,町田市,35.532651,139.429702,FC,83,2020-04-22,成瀬
S497,さいたま新都心駅ビル店,埼玉県,さいたま市大宮区,35.90666,139.611389,FC,109,2011-07-22,さいたま新都心
S498,門前仲町西口店,東京都,江東区,35.672062,139.811142,直営,83,2024-10-09,門前仲町
S499,豊田市大学前店,愛知県,豊田市,35.092484,137.145394,直営,100,2013-04-27,豊田市
S500,難波北口店,大阪府,大阪市中央区,34.665795,135.49314,直営,119,2020-08-20,難波
