transaction_id,transaction_date,product_id,product_name,quantity,unit_price,total_price
R000501,2024-01-01,P038,江崎グリコ ポッキー【半額セール】,1,150,150
R000502,2024-01-01,P043,P&G アリエール洗濯洗剤【閉店セール】,4,800,3200
R000503,2024-01-01,P012,明治 ミルクチョコレート【店頭】＜半額セール＞,8,150,1200
R000504,2024-01-01,P040,クラシエ サッポロ一番［期間限定］,6,210,1260
R000505,2024-01-02,P092,ソニー デジタル一眼レフ α7R IV[半額セール],2,250000,500000
R000506,2024-01-02,P068,バンダイ 仮面ライダーアクションフィギュア,3,3200,9600
R000507,2024-01-03,P008,無印良品 オーガニックコットンシャツ（期間限定）,1,2500,2500
R000508,2024-01-03,P081,LG OLED55C1[期間限定],1,180000,180000
R000509,2024-01-03,P006,花王 アタック洗剤【閉店セール】,1,800,800
R000510,2024-01-03,P048,花王 ソフィ 洗濯柔軟剤,2,300,600
R000511,2024-01-04,P010,タカラトミー ガンダムフィギュア【店頭】【半額セール】,4,3000,12000
R000512,2024-01-04,P007,ユニクロ ヒートテックTシャツ＜期間限定＞,4,1500,6000
R000513,2024-01-04,P046,ロート製薬 ムヒ,3,500,1500
R000514,2024-01-04,P072,バンダイ スーパーロボットアクションフィギュア（半額セール）,2,4000,8000
R000515,2024-01-04,P073,タカラトミー ウルトラマンフィギュア,2,3000,6000
R000516,2024-01-05,P005,キリン 一番搾りビール[期間限定],9,400,3600
R000517,2024-01-05,P036,ハウス食品 カレールウ（半額セール）,3,300,900
R000518,2024-01-06,P077,シャープ スマートウォッチ【店頭】［期間限定］,1,18000,18000
R000519,2024-01-07,P010,タカラトミー ガンダムフィギュア＜半額セール＞,1,3000,3000
R000520,2024-01-07,P032,京セラ DS-300［期間限定］,2,45000,90000
R000521,2024-01-07,P084,シャープ 空気清浄機,1,22000,22000
R000522,2024-01-07,P037,マルちゃん 正麺,8,250,2000
R000523,2024-01-08,P045,大正製薬 サロンパス（ネット）,9,400,3600
R000524,2024-01-08,P018,シャープ 加湿器 HX-50【期間限定】,1,15000,15000
R000525,2024-01-08,P035,ヤクルト 1000＜半額セール＞,6,250,1500
R000526,2024-01-08,P079,パナソニック 電子レンジ,1,15000,15000
R000527,2024-01-09,P008,無印良品 オーガニックコットンシャツ【半額セール】,4,2500,10000
R000528,2024-01-09,P033,日清 どん兵衛,1,220,220
R000529,2024-01-09,P010,タカラトミー ガンダムフィギュア,5,3000,15000
R000530,2024-01-09,P064,クラフトマン ボールペン＜期間限定＞,2,150,300
R000531,2024-01-10,P045,大正製薬 サロンパス[半額セール],8,400,3200
R000532,2024-01-11,P046,ロート製薬 ムヒ（半額セール）,9,500,4500
R000533,2024-01-11,P042,ユニ・チャーム ソフィ【期間限定】,9,350,3150
R000534,2024-01-12,P098,エプソン スキャナー Perfection V39【店頭】＜半額セール＞,1,25000,25000
R000535,2024-01-12,P060,トンボ鉛筆 モノ消しゴム（期間限定）,9,100,900
R000536,2024-01-12,P004,日清 カップヌードル（期間限定）,2,200,400
R000537,2024-01-13,P029,キャノン PIXMA iX6820,1,25000,25000
R000538,2024-01-13,P075,ソニー ワイヤレススピーカー SRS-XB12,1,8000,8000
R000539,2024-01-14,P042,ユニ・チャーム ソフィ,6,350,2100
R000540,2024-01-14,P015,森永 エンゼルパイ【期間限定】,5,300,1500
R000541,2024-01-14,P071,バンダイ デジモンカード【店頭】【半額セール】,3,500,1500
R000542,2024-01-15,P035,ヤクルト 1000【期間限定】,8,250,2000
R000543,2024-01-15,P006,花王 アタック洗剤【店頭】＜半額セール＞,2,800,1600
R000544,2024-01-17,P052,無印良品 リネンシャツ[期間限定],2,2800,5600
R000545,2024-01-18,P026,富士通 ノートパソコン FMV[期間限定],1,80000,80000
R000546,2024-01-18,P051,ユニクロ スウェットパーカー（ネット）,3,2500,7500
R000547,2024-01-18,P038,江崎グリコ ポッキー,4,150,600
R000548,2024-01-18,P065,プラス カラーペンセット［期間限定］,3,250,750
R000549,2024-01-18,P062,パイロット フリクションペン【店頭】,4,130,520
R000550,2024-01-19,P062,パイロット フリクションペン,9,130,1170
R000551,2024-01-19,P011,東芝 REGZA 43S32【店頭】,2,70000,140000
R000552,2024-01-19,P015,森永 エンゼルパイ【店頭】【半額セール】,3,300,900
R000553,2024-01-20,P043,P&G アリエール洗濯洗剤[半額セール],7,800,5600
R000554,2024-01-20,P008,無印良品 オーガニックコットンシャツ【店頭】［期間限定］,1,2500,2500
R000555,2024-01-20,P034,サントリー ザ・プレミアムモルツ【店頭】【半額セール】,7,500,3500
R000556,2024-01-21,P036,ハウス食品 カレールウ,4,300,1200
R000557,2024-01-21,P015,森永 エンゼルパイ[期間限定],10,300,3000
R000558,2024-01-21,P048,花王 ソフィ 洗濯柔軟剤,1,300,300
R000559,2024-01-22,P060,トンボ鉛筆 モノ消しゴム[半額セール],9,100,900
R000560,2024-01-23,P015,森永 エンゼルパイ,9,300,2700
R000561,2024-01-23,P009,パイロット フリクションボールペン（期間限定）,2,100,200
R000562,2024-01-23,P051,ユニクロ スウェットパーカー（期間限定）,1,2500,2500
R000563,2024-01-23,P071,バンダイ デジモンカード,10,500,5000
R000564,2024-01-24,P044,資生堂 TSUBAKIシャンプー【店頭】＜期間限定＞,2,1200,2400
R000565,2024-01-24,P044,資生堂 TSUBAKIシャンプー（期間限定）,1,1200,1200
R000566,2024-01-24,P046,ロート製薬 ムヒ,7,500,3500
R000567,2024-01-24,P001,ソニー BRAVIA KJ-55X9500G【店頭】,1,150000,150000
R000568,2024-01-25,P012,明治 ミルクチョコレート（ネット）,8,150,1200
R000569,2024-01-25,P040,クラシエ サッポロ一番,9,210,1890
R000570,2024-01-26,P046,ロート製薬 ムヒ【店頭】,3,500,1500
R000571,2024-01-26,P036,ハウス食品 カレールウ,6,300,1800
R000572,2024-01-26,P060,トンボ鉛筆 モノ消しゴム＜半額セール＞,9,100,900
R000573,2024-01-27,P023,パナソニック エアコン CS-XE,1,95000,95000
R000574,2024-01-28,P021,東芝 ノンフロン冷蔵庫［期間限定］,1,85000,85000
R000575,2024-01-28,P039,ロッテ ガーナミルクチョコレート＜期間限定＞,2,180,360
R000576,2024-01-28,P005,キリン 一番搾りビール【店頭】＜期間限定＞,5,400,2000
R000577,2024-01-29,P038,江崎グリコ ポッキー［期間限定］,5,150,750
R000578,2024-01-29,P009,パイロット フリクションボールペン［期間限定］,2,100,200
R000579,2024-01-30,P048,花王 ソフィ 洗濯柔軟剤＜期間限定＞,1,300,300
R000580,2024-01-31,P079,パナソニック 電子レンジ,3,15000,45000
R000581,2024-02-01,P044,資生堂 TSUBAKIシャンプー（期間限定）,2,1200,2400
R000582,2024-02-01,P048,花王 ソフィ 洗濯柔軟剤【閉店セール】,1,300,300
R000583,2024-02-02,P033,日清 どん兵衛［期間限定］,5,220,1100
R000584,2024-02-02,P044,資生堂 TSUBAKIシャンプー【店頭】＜期間限定＞,3,1200,3600
R000585,2024-02-02,P040,クラシエ サッポロ一番［期間限定］,2,210,420
R000586,2024-02-02,P048,花王 ソフィ 洗濯柔軟剤［期間限定］,10,300,3000
R000587,2024-02-03,P045,大正製薬 サロンパス【店頭】＜半額セール＞,2,400,800
R000588,2024-02-04,P048,花王 ソフィ 洗濯柔軟剤（ネット）,7,300,2100
R000589,2024-02-04,P051,ユニクロ スウェットパーカー,4,2500,10000
R000590,2024-02-04,P048,花王 ソフィ 洗濯柔軟剤,7,300,2100
R000591,2024-02-05,P070,バンダイ トランスフォーマー【期間限定】,3,3500,10500
R000592,2024-02-05,P049,ユニクロ ジーンズ【店頭】＜期間限定＞,2,3000,6000
R000593,2024-02-05,P085,日立 炊飯器 RZ-Mシリーズ【半額セール】,1,30000,30000
R000594,2024-02-05,P065,プラス カラーペンセット【店頭】＜期間限定＞,5,250,1250
R000595,2024-02-06,P051,ユニクロ スウェットパーカー【期間限定】,3,2500,7500
R000596,2024-02-06,P051,ユニクロ スウェットパーカー[半額セール],3,2500,7500
R000597,2024-02-06,P077,シャープ スマートウォッチ＜半額セール＞,1,18000,18000
R000598,2024-02-06,P043,P&G アリエール洗濯洗剤,5,800,4000
R000599,2024-02-07,P071,バンダイ デジモンカード【店頭】［期間限定］,10,500,5000
R000600,2024-02-07,P062,パイロット フリクションペン【店頭】【半額セール】,8,130,1040
R000601,2024-02-08,P043,P&G アリエール洗濯洗剤,2,800,1600
R000602,2024-02-08,P021,東芝 ノンフロン冷蔵庫（期間限定）,1,85000,85000
R000603,2024-02-08,P026,富士通 ノートパソコン FMV＜期間限定＞,1,80000,80000
R000604,2024-02-08,P038,江崎グリコ ポッキー,1,150,150
R000605,2024-02-09,P059,ゼブラ マイルドライナー【店頭】,10,180,1800
R000606,2024-02-10,P059,ゼブラ マイルドライナー【期間限定】,7,180,1260
R000607,2024-02-11,P100,京セラ TASKalfa 2552ci（期間限定）,1,250000,250000
R000608,2024-02-12,P015,森永 エンゼルパイ（ネット）,1,300,300
R000609,2024-02-12,P053,ユニクロ ストレッチジャケット【店頭】［期間限定］,1,3500,3500
R000610,2024-02-12,P006,花王 アタック洗剤,9,800,7200
R000611,2024-02-12,P042,ユニ・チャーム ソフィ,8,350,2800
R000612,2024-02-13,P063,ぺんてる シャープペンシル【店頭】＜期間限定＞,9,160,1440
R000613,2024-02-14,P062,パイロット フリクションペン（半額セール）,10,130,1300
R000614,2024-02-14,P010,タカラトミー ガンダムフィギュア,2,3000,6000
R000615,2024-02-14,P059,ゼブラ マイルドライナー,8,180,1440
R000616,2024-02-14,P037,マルちゃん 正麺【店頭】【半額セール】,5,250,1250
R000617,2024-02-14,P018,シャープ 加湿器 HX-50【半額セール】,1,15000,15000
R000618,2024-02-15,P013,ライオン レノアハピネス【店頭】,5,500,2500
R000619,2024-02-15,P005,キリン 一番搾りビール,3,400,1200
R000620,2024-02-16,P088,任天堂 SWITCH,1,40000,40000
R000621,2024-02-18,P008,無印良品 オーガニックコットンシャツ（半額セール）,2,2500,5000
R000622,2024-02-18,P034,サントリー ザ・プレミアムモルツ【閉店セール】,4,500,2000
R000623,2024-02-18,P074,バンダイ ミニ四駆,5,2000,10000
R000624,2024-02-18,P069,タカラトミー トミカ,2,1500,3000
R000625,2024-02-18,P045,大正製薬 サロンパス（半額セール）,5,400,2000
R000626,2024-02-19,P070,バンダイ トランスフォーマー（期間限定）,3,3500,10500
R000627,2024-02-20,P065,プラス カラーペンセット,4,250,1000
R000628,2024-02-22,P064,クラフトマン ボールペン【閉店セール】,1,150,150
R000629,2024-02-22,P041,カゴメ トマトジュース＜半額セール＞,8,180,1440
R000630,2024-02-22,P055,無印良品 シンプルワンピース【店頭】,2,4000,8000
R000631,2024-02-23,P085,日立 炊飯器 RZ-Mシリーズ[半額セール],1,30000,30000
R000632,2024-02-23,P006,花王 アタック洗剤【期間限定】,5,800,4000
R000633,2024-02-23,P058,コクヨ キャンパスノート【閉店セール】,6,200,1200
R000634,2024-02-24,P012,明治 ミルクチョコレート,7,150,1050
R000635,2024-02-24,P044,資生堂 TSUBAKIシャンプー[期間限定],2,1200,2400
R000636,2024-02-24,P044,資生堂 TSUBAKIシャンプー,1,1200,1200
R000637,2024-02-25,P011,東芝 REGZA 43S32,1,70000,70000
R000638,2024-02-26,P037,マルちゃん 正麺＜期間限定＞,4,250,1000
R000639,2024-02-26,P033,日清 どん兵衛（ネット）,3,220,660
R000640,2024-02-26,P073,タカラトミー ウルトラマンフィギュア［期間限定］,5,3000,15000
R000641,2024-02-26,P051,ユニクロ スウェットパーカー（ネット）,1,2500,2500
R000642,2024-02-26,P040,クラシエ サッポロ一番,5,210,1050
R000643,2024-02-26,P039,ロッテ ガーナミルクチョコレート【閉店セール】,5,180,900
R000644,2024-02-26,P008,無印良品 オーガニックコットンシャツ,5,2500,12500
R000645,2024-02-27,P075,ソニー ワイヤレススピーカー SRS-XB12（ネット）,3,8000,24000
R000646,2024-02-27,P089,マイクロソフト Xbox Series X（ネット）,1,55000,55000
R000647,2024-02-28,P074,バンダイ ミニ四駆（半額セール）,3,2000,6000
R000648,2024-02-28,P020,パナソニック 掃除機 MC-CL883【店頭】＜期間限定＞,1,75000,75000
R000649,2024-02-28,P015,森永 エンゼルパイ（ネット）,7,300,2100
R000650,2024-02-28,P057,三菱鉛筆 ユニ【店頭】［期間限定］,6,120,720
R000651,2024-02-28,P095,オリンパス PEN-F,1,140000,140000
R000652,2024-02-28,P063,ぺんてる シャープペンシル【店頭】【半額セール】,5,160,800
R000653,2024-02-29,P064,クラフトマン ボールペン［期間限定］,7,150,1050
R000654,2024-02-29,P012,明治 ミルクチョコレート【店頭】,4,150,600
R000655,2024-02-29,P012,明治 ミルクチョコレート,8,150,1200
R000656,2024-02-29,P063,ぺんてる シャープペンシル【閉店セール】,10,160,1600
R000657,2024-02-29,P037,マルちゃん 正麺【店頭】＜期間限定＞,1,250,250
R000658,2024-02-29,P005,キリン 一番搾りビール,8,400,3200
R000659,2024-03-01,P033,日清 どん兵衛,9,220,1980
R000660,2024-03-01,P004,日清 カップヌードル＜期間限定＞,1,200,200
R000661,2024-03-03,P079,パナソニック 電子レンジ＜半額セール＞,2,15000,30000
R000662,2024-03-03,P068,バンダイ 仮面ライダーアクションフィギュア【店頭】＜期間限定＞,1,3200,3200
R000663,2024-03-04,P006,花王 アタック洗剤,1,800,800
R000664,2024-03-04,P060,トンボ鉛筆 モノ消しゴム【閉店セール】,2,100,200
R000665,2024-03-04,P057,三菱鉛筆 ユニ[期間限定],2,120,240
R000666,2024-03-06,P034,サントリー ザ・プレミアムモルツ【半額セール】,3,500,1500
R000667,2024-03-06,P046,ロート製薬 ムヒ,4,500,2000
R000668,2024-03-07,P049,ユニクロ ジーンズ（期間限定）,3,3000,9000
R000669,2024-03-07,P063,ぺんてる シャープペンシル【店頭】［期間限定］,7,160,1120
R000670,2024-03-07,P040,クラシエ サッポロ一番【半額セール】,10,210,2100
R000671,2024-03-07,P066,タカラトミー プラレール（ネット）,3,2800,8400
R000672,2024-03-07,P040,クラシエ サッポロ一番,4,210,840
R000673,2024-03-08,P044,資生堂 TSUBAKIシャンプー,1,1200,1200
R000674,2024-03-08,P041,カゴメ トマトジュース,3,180,540
R000675,2024-03-08,P056,パイロット G2 ジェルペン[期間限定],10,150,1500
R000676,2024-03-08,P009,パイロット フリクションボールペン【店頭】［期間限定］,5,100,500
R000677,2024-03-08,P039,ロッテ ガーナミルクチョコレート【期間限定】,4,180,720
R000678,2024-03-08,P053,ユニクロ ストレッチジャケット,1,3500,3500
R000679,2024-03-09,P033,日清 どん兵衛【店頭】,5,220,1100
R000680,2024-03-09,P033,日清 どん兵衛【半額セール】,3,220,660
R000681,2024-03-09,P060,トンボ鉛筆 モノ消しゴム【半額セール】,2,100,200
R000682,2024-03-09,P091,シャープ スマートフォン AQUOS R6,1,70000,70000
R000683,2024-03-09,P071,バンダイ デジモンカード[期間限定],8,500,4000
R000684,2024-03-09,P057,三菱鉛筆 ユニ＜半額セール＞,6,120,720
R000685,2024-03-10,P004,日清 カップヌードル＜半額セール＞,4,200,800
R000686,2024-03-10,P026,富士通 ノートパソコン FMV[半額セール],1,80000,80000
R000687,2024-03-10,P056,パイロット G2 ジェルペン［期間限定］,9,150,1350
R000688,2024-03-10,P004,日清 カップヌードル【店頭】【半額セール】,10,200,2000
R000689,2024-03-10,P004,日清 カップヌードル【店頭】＜期間限定＞,8,200,1600
R000690,2024-03-10,P009,パイロット フリクションボールペン【店頭】＜期間限定＞,2,100,200
R000691,2024-03-11,P055,無印良品 シンプルワンピース,3,4000,12000
R000692,2024-03-11,P050,無印良品 ウールブレンドコート【店頭】［期間限定］,4,5000,20000
R000693,2024-03-11,P048,花王 ソフィ 洗濯柔軟剤,6,300,1800
R000694,2024-03-12,P039,ロッテ ガーナミルクチョコレート＜半額セール＞,7,180,1260
R000695,2024-03-12,P017,パナソニック 4Kプロジェクター[期間限定],2,130000,260000
R000696,2024-03-12,P012,明治 ミルクチョコレート【店頭】【半額セール】,9,150,1350
R000697,2024-03-12,P018,シャープ 加湿器 HX-50,1,15000,15000
R000698,2024-03-13,P047,カネボウ ハンドクリーム,9,700,6300
R000699,2024-03-14,P035,ヤクルト 1000【店頭】【半額セール】,8,250,2000
R000700,2024-03-14,P042,ユニ・チャーム ソフィ（期間限定）,1,350,350
R000701,2024-03-15,P096,ニコン Z6 II（半額セール）,1,200000,200000
R000702,2024-03-15,P005,キリン 一番搾りビール（ネット）,4,400,1600
R000703,2024-03-16,P062,パイロット フリクションペン＜期間限定＞,2,130,260
R000704,2024-03-16,P061,Pentel EnerGel［期間限定］,5,180,900
R000705,2024-03-16,P008,無印良品 オーガニックコットンシャツ（期間限定）,4,2500,10000
R000706,2024-03-16,P059,ゼブラ マイルドライナー,9,180,1620
R000707,2024-03-16,P013,ライオン レノアハピネス＜期間限定＞,10,500,5000
R000708,2024-03-17,P038,江崎グリコ ポッキー（半額セール）,5,150,750
R000709,2024-03-17,P039,ロッテ ガーナミルクチョコレート,9,180,1620
R000710,2024-03-17,P005,キリン 一番搾りビール【店頭】【半額セール】,5,400,2000
R000711,2024-03-18,P033,日清 どん兵衛【店頭】＜半額セール＞,8,220,1760
R000712,2024-03-18,P035,ヤクルト 1000【閉店セール】,9,250,2250
R000713,2024-03-18,P059,ゼブラ マイルドライナー（期間限定）,6,180,1080
R000714,2024-03-18,P067,バンダイ たまごっち（半額セール）,2,1200,2400
R000715,2024-03-18,P048,花王 ソフィ 洗濯柔軟剤【閉店セール】,6,300,1800
R000716,2024-03-19,P051,ユニクロ スウェットパーカー＜期間限定＞,5,2500,12500
R000717,2024-03-19,P059,ゼブラ マイルドライナー,1,180,180
R000718,2024-03-20,P030,エプソン エコタンク ET-2750,1,35000,35000
R000719,2024-03-20,P061,Pentel EnerGel【店頭】［期間限定］,2,180,360
R000720,2024-03-21,P033,日清 どん兵衛＜期間限定＞,3,220,660
R000721,2024-03-22,P041,カゴメ トマトジュース［期間限定］,8,180,1440
R000722,2024-03-23,P038,江崎グリコ ポッキー【店頭】,10,150,1500
R000723,2024-03-23,P033,日清 どん兵衛【店頭】＜期間限定＞,9,220,1980
R000724,2024-03-23,P018,シャープ 加湿器 HX-50[期間限定],2,15000,30000
R000725,2024-03-23,P079,パナソニック 電子レンジ【半額セール】,1,15000,15000
R000726,2024-03-23,P005,キリン 一番搾りビール（ネット）,2,400,800
R000727,2024-03-23,P076,パナソニック ポータブルスピーカー,3,6000,18000
R000728,2024-03-24,P042,ユニ・チャーム ソフィ[期間限定],5,350,1750
R000729,2024-03-24,P013,ライオン レノアハピネス,1,500,500
R000730,2024-03-24,P054,GU Tシャツ,2,1200,2400
R000731,2024-03-24,P055,無印良品 シンプルワンピース[半額セール],2,4000,8000
R000732,2024-03-24,P046,ロート製薬 ムヒ【閉店セール】,2,500,1000
R000733,2024-03-24,P080,ソニー ブルーレイプレーヤー＜期間限定＞,2,12000,24000
R000734,2024-03-25,P009,パイロット フリクションボールペン【店頭】［期間限定］,8,100,800
R000735,2024-03-25,P041,カゴメ トマトジュース【店頭】［期間限定］,1,180,180
R000736,2024-03-25,P035,ヤクルト 1000,9,250,2250
R000737,2024-03-26,P062,パイロット フリクションペン【半額セール】,6,130,780
R000738,2024-03-26,P080,ソニー ブルーレイプレーヤー【店頭】［期間限定］,3,12000,36000
R000739,2024-03-27,P042,ユニ・チャーム ソフィ【店頭】【半額セール】,4,350,1400
R000740,2024-03-29,P034,サントリー ザ・プレミアムモルツ【店頭】＜半額セール＞,4,500,2000
R000741,2024-03-29,P069,タカラトミー トミカ＜半額セール＞,1,1500,1500
R000742,2024-03-31,P019,ソニー ワイヤレスヘッドホン WH-1000XM4,1,90000,90000
R000743,2024-03-31,P082,東芝 LEDテレビ 55型【店頭】【半額セール】,1,70000,70000
R000744,2024-04-01,P064,クラフトマン ボールペン【店頭】＜半額セール＞,10,150,1500
R000745,2024-04-02,P044,資生堂 TSUBAKIシャンプー【店頭】＜期間限定＞,3,1200,3600
R000746,2024-04-02,P062,パイロット フリクションペン【店頭】［期間限定］,2,130,260
R000747,2024-04-03,P085,日立 炊飯器 RZ-Mシリーズ,2,30000,60000
R000748,2024-04-03,P004,日清 カップヌードル【店頭】【半額セール】,1,200,200
R000749,2024-04-03,P009,パイロット フリクションボールペン,2,100,200
R000750,2024-04-04,P181,ステンレスストロー 8本セット（半額セール）,1,1280,1280
R000751,2024-04-04,P046,ロート製薬 ムヒ【店頭】【半額セール】,7,500,3500
R000752,2024-04-04,P124,味の素 アミノバイタル プロ 30本,5,3680,18400
R000753,2024-04-05,P104,iRobot ルンバ i5 ロボット掃除機（期間限定）,1,49800,49800
R000754,2024-04-05,P104,iRobot ルンバ i5 ロボット掃除機【店頭】＜半額セール＞,1,49800,49800
R000755,2024-04-05,P042,ユニ・チャーム ソフィ,7,350,2450
R000756,2024-04-05,P036,ハウス食品 カレールウ,8,300,2400
R000757,2024-04-06,P053,ユニクロ ストレッチジャケット＜半額セール＞,3,3500,10500
R000758,2024-04-06,P013,ライオン レノアハピネス,6,500,3000
R000759,2024-04-07,P039,ロッテ ガーナミルクチョコレート,10,180,1800
R000760,2024-04-07,P190,本の定期便 月2冊,1,2980,2980
R000761,2024-04-08,P064,クラフトマン ボールペン＜半額セール＞,6,150,900
R000762,2024-04-08,P068,バンダイ 仮面ライダーアクションフィギュア,4,3200,12800
R000763,2024-04-08,P044,資生堂 TSUBAKIシャンプー（ネット）,2,1200,2400
R000764,2024-04-09,P009,パイロット フリクションボールペン,3,100,300
R000765,2024-04-09,P059,ゼブラ マイルドライナー[半額セール],10,180,1800
R000766,2024-04-09,P066,タカラトミー プラレール（ネット）,1,2800,2800
R000767,2024-04-09,P045,大正製薬 サロンパス【店頭】＜半額セール＞,8,400,3200
R000768,2024-04-10,P168,宮崎県産 完熟マンゴー 2個（期間限定）,2,7800,15600
R000769,2024-04-10,P047,カネボウ ハンドクリーム＜半額セール＞,9,700,6300
R000770,2024-04-10,P042,ユニ・チャーム ソフィ（半額セール）,8,350,2800
R000771,2024-04-10,P044,資生堂 TSUBAKIシャンプー【店頭】,2,1200,2400
R000772,2024-04-11,P039,ロッテ ガーナミルクチョコレート【店頭】,6,180,1080
R000773,2024-04-11,P040,クラシエ サッポロ一番【店頭】＜期間限定＞,5,210,1050
R000774,2024-04-12,P115,パナソニック 目もとエステ【店頭】［期間限定］,3,15800,47400
R000775,2024-04-12,P172,三陸産 生ウニ 100g,3,5980,17940
R000776,2024-04-12,P006,花王 アタック洗剤【期間限定】,9,800,7200
R000777,2024-04-12,P129,象印 ホットプレート やきやき,1,12800,12800
R000778,2024-04-12,P031,リコー IM C200（ネット）,2,40000,80000
R000779,2024-04-13,P018,シャープ 加湿器 HX-50【店頭】＜半額セール＞,1,15000,15000
R000780,2024-04-13,P044,資生堂 TSUBAKIシャンプー【店頭】,3,1200,3600
R000781,2024-04-14,P044,資生堂 TSUBAKIシャンプー,1,1200,1200
R000782,2024-04-15,P106,SwitchBot カーテン自動開閉【店頭】＜期間限定＞,4,7980,31920
R000783,2024-04-15,P036,ハウス食品 カレールウ（半額セール）,7,300,2100
R000784,2024-04-15,P015,森永 エンゼルパイ【店頭】＜半額セール＞,5,300,1500
R000785,2024-04-16,P040,クラシエ サッポロ一番＜期間限定＞,10,210,2100
R000786,2024-04-17,P156,コンビ チャイルドシート クルムーヴ,1,38800,38800
R000787,2024-04-17,P192,ワイン頒布会 赤白2本セット（期間限定）,2,6800,13600
R000788,2024-04-18,P128,ティファール 電気ケトル 1.2L＜半額セール＞,4,4980,19920
R000789,2024-04-18,P068,バンダイ 仮面ライダーアクションフィギュア,1,3200,3200
R000790,2024-04-18,P079,パナソニック 電子レンジ[半額セール],3,15000,45000
R000791,2024-04-19,P034,サントリー ザ・プレミアムモルツ【店頭】,10,500,5000
R000792,2024-04-20,P033,日清 どん兵衛,1,220,220
R000793,2024-04-20,P174,無印良品風 トラベルポーチ 3点セット【店頭】＜期間限定＞,1,2480,2480
R000794,2024-04-21,P004,日清 カップヌードル【店頭】＜期間限定＞,6,200,1200
R000795,2024-04-21,P196,TONE 工具セット 56点＜期間限定＞,1,14800,14800
R000796,2024-04-21,P004,日清 カップヌードル,10,200,2000
R000797,2024-04-21,P040,クラシエ サッポロ一番（半額セール）,5,210,1050
R000798,2024-04-22,P160,西松屋 ベビーバスチェア【期間限定】,3,2480,7440
R000799,2024-04-22,P167,新潟県魚沼産コシヒカリ 5kg【半額セール】,1,3980,3980
R000800,2024-04-22,P153,コンビ ベビーカー スゴカルα（期間限定）,1,39800,39800
R000801,2024-04-22,P121,明治 アミノコラーゲン 200g,5,2480,12400
R000802,2024-04-22,P054,GU Tシャツ,2,1200,2400
R000803,2024-04-24,P006,花王 アタック洗剤,5,800,4000
R000804,2024-04-24,P033,日清 どん兵衛（半額セール）,1,220,220
R000805,2024-04-24,P044,資生堂 TSUBAKIシャンプー（期間限定）,1,1200,1200
R000806,2024-04-24,P167,新潟県魚沼産コシヒカリ 5kg【店頭】＜半額セール＞,2,3980,7960
R000807,2024-04-24,P012,明治 ミルクチョコレート[期間限定],7,150,1050
R000808,2024-04-25,P135,アシックス ランニングシューズ GEL-KAYANO【店頭】＜期間限定＞,1,15800,15800
R000809,2024-04-25,P128,ティファール 電気ケトル 1.2L（半額セール）,2,4980,9960
R000810,2024-04-25,P071,バンダイ デジモンカード【店頭】＜期間限定＞,2,500,1000
R000811,2024-04-25,P040,クラシエ サッポロ一番【店頭】＜半額セール＞,10,210,2100
R000812,2024-04-26,P047,カネボウ ハンドクリーム（期間限定）,7,700,4900
R000813,2024-04-26,P135,アシックス ランニングシューズ GEL-KAYANO【閉店セール】,1,15800,15800
R000814,2024-04-26,P080,ソニー ブルーレイプレーヤー,2,12000,24000
R000815,2024-04-26,P037,マルちゃん 正麺（ネット）,2,250,500
R000816,2024-04-26,P174,無印良品風 トラベルポーチ 3点セット【店頭】＜半額セール＞,2,2480,4960
R000817,2024-04-26,P092,ソニー デジタル一眼レフ α7R IV＜期間限定＞,1,250000,250000
R000818,2024-04-26,P057,三菱鉛筆 ユニ,2,120,240
R000819,2024-04-26,P007,ユニクロ ヒートテックTシャツ,1,1500,1500
R000820,2024-04-27,P034,サントリー ザ・プレミアムモルツ【店頭】【半額セール】,3,500,1500
R000821,2024-04-27,P146,花王 ニャンとも清潔トイレセット【店頭】［期間限定］,3,3980,11940
R000822,2024-04-27,P193,マキタ 充電式電動ドライバー【店頭】＜期間限定＞,3,9800,29400
R000823,2024-04-27,P075,ソニー ワイヤレススピーカー SRS-XB12,1,8000,8000
R000824,2024-04-28,P141,モンベル トレッキングポール[期間限定],3,6980,20940
R000825,2024-04-28,P093,キヤノン EOS 90D【店頭】［期間限定］,1,150000,150000
R000826,2024-04-28,P041,カゴメ トマトジュース【半額セール】,1,180,180
R000827,2024-04-29,P035,ヤクルト 1000【閉店セール】,2,250,500
R000828,2024-04-29,P152,GEX ハムスターケージ[期間限定],2,4980,9960
R000829,2024-04-29,P139,カリマー 登山リュック 30L【期間限定】,3,18800,56400
R000830,2024-04-29,P085,日立 炊飯器 RZ-Mシリーズ[期間限定],2,30000,60000
R000831,2024-04-30,P140,アディダス スポーツウェア 上下セット【店頭】＜期間限定＞,1,8980,8980
R000832,2024-04-30,P043,P&G アリエール洗濯洗剤[期間限定],9,800,7200
R000833,2024-04-30,P059,ゼブラ マイルドライナー[半額セール],8,180,1440
R000834,2024-05-01,P170,京都宇治 抹茶スイーツ詰め合わせ＜期間限定＞,1,3200,3200
R000835,2024-05-02,P110,フィリップス ソニッケアー 電動歯ブラシ,1,8980,8980
R000836,2024-05-03,P034,サントリー ザ・プレミアムモルツ,8,500,4000
R000837,2024-05-03,P106,SwitchBot カーテン自動開閉,3,7980,23940
R000838,2024-05-03,P143,ダイワ 釣り竿 スピニングロッド【店頭】［期間限定］,2,12800,25600
R000839,2024-05-03,P065,プラス カラーペンセット,9,250,2250
R000840,2024-05-03,P151,ドギーマン おさんぽリード,5,1480,7400
R000841,2024-05-04,P199,BOSCH レーザー距離計【半額セール】,5,7980,39900
R000842,2024-05-04,P116,ブラウン メンズシェーバー シリーズ9[半額セール],1,24800,24800
R000843,2024-05-05,P049,ユニクロ ジーンズ,4,3000,12000
R000844,2024-05-05,P062,パイロット フリクションペン【店頭】＜半額セール＞,1,130,130
R000845,2024-05-05,P190,本の定期便 月2冊（ネット）,5,2980,14900
R000846,2024-05-05,P066,タカラトミー プラレール,1,2800,2800
R000847,2024-05-05,P139,カリマー 登山リュック 30L,3,18800,56400
R000848,2024-05-05,P136,Manduka ヨガマット PRO 6mm【店頭】［期間限定］,1,14800,14800
R000849,2024-05-06,P090,パナソニック ビエラ ブルーレイレコーダー【閉店セール】,3,35000,105000
R000850,2024-05-07,P169,北海道十勝 ラクレットチーズ 300g【店頭】,2,2480,4960
R000851,2024-05-07,P108,TP-Link スマートプラグ 2個セット（ネット）,1,3200,3200
R000852,2024-05-08,P025,キヤノン EOS R6,1,230000,230000
R000853,2024-05-09,P068,バンダイ 仮面ライダーアクションフィギュア＜期間限定＞,5,3200,16000
R000854,2024-05-10,P151,ドギーマン おさんぽリード,2,1480,2960
R000855,2024-05-10,P038,江崎グリコ ポッキー,1,150,150
R000856,2024-05-10,P041,カゴメ トマトジュース（半額セール）,9,180,1620
R000857,2024-05-10,P047,カネボウ ハンドクリーム,5,700,3500
R000858,2024-05-10,P035,ヤクルト 1000,1,250,250
R000859,2024-05-10,P147,ユリウス K9 犬用ハーネス【店頭】【半額セール】,1,7980,7980
R000860,2024-05-11,P179,マーナ シュパット エコバッグ L（期間限定）,1,1980,1980
R000861,2024-05-11,P035,ヤクルト 1000【店頭】＜半額セール＞,5,250,1250
R000862,2024-05-11,P062,パイロット フリクションペン【店頭】,10,130,1300
R000863,2024-05-11,P167,新潟県魚沼産コシヒカリ 5kg,5,3980,19900
R000864,2024-05-11,P169,北海道十勝 ラクレットチーズ 300g＜半額セール＞,2,2480,4960
R000865,2024-05-11,P116,ブラウン メンズシェーバー シリーズ9,2,24800,49600
R000866,2024-05-12,P113,パナソニック ヘアドライヤー ナノケア,3,28000,84000
R000867,2024-05-12,P042,ユニ・チャーム ソフィ【店頭】＜半額セール＞,6,350,2100
R000868,2024-05-12,P062,パイロット フリクションペン【店頭】＜期間限定＞,2,130,260
R000869,2024-05-12,P047,カネボウ ハンドクリーム【店頭】＜期間限定＞,1,700,700
R000870,2024-05-12,P044,資生堂 TSUBAKIシャンプー【店頭】【半額セール】,4,1200,4800
R000871,2024-05-13,P049,ユニクロ ジーンズ,4,3000,12000
R000872,2024-05-13,P147,ユリウス K9 犬用ハーネス,1,7980,7980
R000873,2024-05-13,P049,ユニクロ ジーンズ【半額セール】,4,3000,12000
R000874,2024-05-13,P170,京都宇治 抹茶スイーツ詰め合わせ【店頭】【半額セール】,2,3200,6400
R000875,2024-05-14,P065,プラス カラーペンセット【期間限定】,1,250,250
R000876,2024-05-14,P067,バンダイ たまごっち【店頭】＜期間限定＞,2,1200,2400
R000877,2024-05-16,P074,バンダイ ミニ四駆【閉店セール】,1,2000,2000
R000878,2024-05-17,P139,カリマー 登山リュック 30L[半額セール],2,18800,37600
R000879,2024-05-17,P163,有機野菜セット 10品目［期間限定］,3,3280,9840
R000880,2024-05-17,P041,カゴメ トマトジュース,7,180,1260
R000881,2024-05-18,P007,ユニクロ ヒートテックTシャツ【店頭】,2,1500,3000
R000882,2024-05-18,P016,日立 4Kスマートテレビ（半額セール）,1,80000,80000
R000883,2024-05-18,P035,ヤクルト 1000[期間限定],8,250,2000
R000884,2024-05-19,P094,富士フイルム X-T4[期間限定],1,170000,170000
R000885,2024-05-20,P033,日清 どん兵衛[半額セール],7,220,1540
R000886,2024-05-20,P034,サントリー ザ・プレミアムモルツ【店頭】［期間限定］,3,500,1500
R000887,2024-05-20,P038,江崎グリコ ポッキー,3,150,450
R000888,2024-05-21,P108,TP-Link スマートプラグ 2個セット[期間限定],2,3200,6400
R000889,2024-05-21,P045,大正製薬 サロンパス【店頭】＜半額セール＞,8,400,3200
R000890,2024-05-21,P143,ダイワ 釣り竿 スピニングロッド【店頭】＜半額セール＞,2,12800,25600
R000891,2024-05-21,P124,味の素 アミノバイタル プロ 30本,2,3680,7360
R000892,2024-05-21,P005,キリン 一番搾りビール【店頭】【半額セール】,1,400,400
R000893,2024-05-22,P161,松坂牛 サーロインステーキ 200g［期間限定］,2,8800,17600
R000894,2024-05-22,P062,パイロット フリクションペン,8,130,1040
R000895,2024-05-22,P067,バンダイ たまごっち【期間限定】,3,1200,3600
R000896,2024-05-22,P036,ハウス食品 カレールウ【店頭】［期間限定］,3,300,900
R000897,2024-05-22,P041,カゴメ トマトジュース【店頭】＜期間限定＞,8,180,1440
R000898,2024-05-22,P088,任天堂 SWITCH【半額セール】,2,40000,80000
R000899,2024-05-22,P080,ソニー ブルーレイプレーヤー[半額セール],2,12000,24000
R000900,2024-05-22,P103,SwitchBot スマートロック Pro,1,12800,12800
R000901,2024-05-23,P050,無印良品 ウールブレンドコート,3,5000,15000
R000902,2024-05-23,P160,西松屋 ベビーバスチェア【店頭】＜半額セール＞,1,2480,2480
R000903,2024-05-23,P149,チャオ ちゅ〜る バラエティ 50本【店頭】,4,1980,7920
R000904,2024-05-24,P047,カネボウ ハンドクリーム【店頭】【半額セール】,5,700,3500
R000905,2024-05-24,P169,北海道十勝 ラクレットチーズ 300g【店頭】,2,2480,4960
R000906,2024-05-24,P039,ロッテ ガーナミルクチョコレート【店頭】［期間限定］,6,180,1080
R000907,2024-05-25,P148,ペティオ ペットベッド あったかドーム[半額セール],3,3480,10440
R000908,2024-05-25,P043,P&G アリエール洗濯洗剤[期間限定],7,800,5600
R000909,2024-05-25,P038,江崎グリコ ポッキー,9,150,1350
R000910,2024-05-26,P033,日清 どん兵衛（期間限定）,3,220,660
R000911,2024-05-26,P087,ソニー ゲーム機 PLAYSTATION5【半額セール】,2,50000,100000
R000912,2024-05-26,P037,マルちゃん 正麺,5,250,1250
R000913,2024-05-27,P187,季節のフルーツ定期便 月1回【店頭】,1,4980,4980
R000914,2024-05-27,P169,北海道十勝 ラクレットチーズ 300g＜期間限定＞,3,2480,7440
R000915,2024-05-27,P040,クラシエ サッポロ一番【店頭】＜期間限定＞,10,210,2100
R000916,2024-05-28,P200,花ごころ 培養土 25L & 肥料セット【店頭】,1,1480,1480
R000917,2024-05-28,P004,日清 カップヌードル,10,200,2000
R000918,2024-05-28,P051,ユニクロ スウェットパーカー＜半額セール＞,3,2500,7500
R000919,2024-05-30,P164,銀座千疋屋 クリスマスケーキ【半額セール】,4,5400,21600
R000920,2024-05-30,P157,ピジョン 哺乳びん 母乳実感【閉店セール】,1,1980,1980
R000921,2024-05-30,P076,パナソニック ポータブルスピーカー[半額セール],2,6000,12000
R000922,2024-05-30,P139,カリマー 登山リュック 30L【店頭】＜期間限定＞,1,18800,18800
R000923,2024-05-31,P035,ヤクルト 1000【店頭】＜期間限定＞,6,250,1500
R000924,2024-05-31,P086,三菱 IHクッキングヒーター,3,45000,135000
R000925,2024-05-31,P104,iRobot ルンバ i5 ロボット掃除機,1,49800,49800
R000926,2024-05-31,P063,ぺんてる シャープペンシル,8,160,1280
R000927,2024-05-31,P139,カリマー 登山リュック 30L,1,18800,18800
R000928,2024-05-31,P072,バンダイ スーパーロボットアクションフィギュア（半額セール）,5,4000,20000
R000929,2024-06-01,P170,京都宇治 抹茶スイーツ詰め合わせ【店頭】＜期間限定＞,1,3200,3200
R000930,2024-06-01,P013,ライオン レノアハピネス【半額セール】,7,500,3500
R000931,2024-06-02,P026,富士通 ノートパソコン FMV【店頭】【半額セール】,1,80000,80000
R000932,2024-06-02,P199,BOSCH レーザー距離計【店頭】＜半額セール＞,1,7980,7980
R000933,2024-06-02,P021,東芝 ノンフロン冷蔵庫【半額セール】,1,85000,85000
R000934,2024-06-02,P012,明治 ミルクチョコレート（期間限定）,10,150,1500
R000935,2024-06-02,P015,森永 エンゼルパイ【閉店セール】,10,300,3000
R000936,2024-06-02,P039,ロッテ ガーナミルクチョコレート,4,180,720
R000937,2024-06-02,P046,ロート製薬 ムヒ,4,500,2000
R000938,2024-06-03,P029,キャノン PIXMA iX6820【期間限定】,1,25000,25000
R000939,2024-06-03,P117,ザバス ホエイプロテイン ココア味 1kg【店頭】【半額セール】,2,3980,7960
R000940,2024-06-04,P043,P&G アリエール洗濯洗剤【店頭】＜期間限定＞,3,800,2400
R000941,2024-06-04,P152,GEX ハムスターケージ[半額セール],2,4980,9960
R000942,2024-06-04,P149,チャオ ちゅ〜る バラエティ 50本【店頭】＜半額セール＞,5,1980,9900
R000943,2024-06-05,P010,タカラトミー ガンダムフィギュア,3,3000,9000
R000944,2024-06-05,P058,コクヨ キャンパスノート（期間限定）,5,200,1000
R000945,2024-06-05,P076,パナソニック ポータブルスピーカー【店頭】【半額セール】,3,6000,18000
R000946,2024-06-05,P076,パナソニック ポータブルスピーカー［期間限定］,2,6000,12000
R000947,2024-06-05,P069,タカラトミー トミカ【閉店セール】,1,1500,1500
R000948,2024-06-06,P121,明治 アミノコラーゲン 200g＜期間限定＞,4,2480,9920
R000949,2024-06-06,P072,バンダイ スーパーロボットアクションフィギュア【店頭】,1,4000,4000
R000950,2024-06-07,P087,ソニー ゲーム機 PLAYSTATION5【店頭】【半額セール】,2,50000,100000
R000951,2024-06-07,P055,無印良品 シンプルワンピース［期間限定］,1,4000,4000
R000952,2024-06-07,P006,花王 アタック洗剤（期間限定）,2,800,1600
R000953,2024-06-07,P064,クラフトマン ボールペン（期間限定）,1,150,150
R000954,2024-06-08,P064,クラフトマン ボールペン,1,150,150
R000955,2024-06-08,P020,パナソニック 掃除機 MC-CL883,1,75000,75000
R000956,2024-06-09,P006,花王 アタック洗剤[半額セール],1,800,800
R000957,2024-06-09,P123,大塚製薬 ネイチャーメイド 鉄分【期間限定】,8,980,7840
R000958,2024-06-10,P069,タカラトミー トミカ【店頭】,2,1500,3000
R000959,2024-06-10,P063,ぺんてる シャープペンシル[期間限定],9,160,1440
R000960,2024-06-10,P044,資生堂 TSUBAKIシャンプー[期間限定],2,1200,2400
R000961,2024-06-10,P123,大塚製薬 ネイチャーメイド 鉄分,8,980,7840
R000962,2024-06-11,P071,バンダイ デジモンカード,1,500,500
R000963,2024-06-11,P196,TONE 工具セット 56点【店頭】＜期間限定＞,2,14800,29600
R000964,2024-06-11,P066,タカラトミー プラレール【店頭】【半額セール】,2,2800,5600
R000965,2024-06-11,P048,花王 ソフィ 洗濯柔軟剤【期間限定】,9,300,2700
R000966,2024-06-12,P004,日清 カップヌードル,6,200,1200
R000967,2024-06-12,P148,ペティオ ペットベッド あったかドーム＜半額セール＞,3,3480,10440
R000968,2024-06-12,P027,NEC ValueBook【期間限定】,1,85000,85000
R000969,2024-06-12,P044,資生堂 TSUBAKIシャンプー【閉店セール】,3,1200,3600
R000970,2024-06-12,P134,バーミックス ハンドブレンダー,1,24800,24800
R000971,2024-06-12,P013,ライオン レノアハピネス【店頭】【半額セール】,3,500,1500
R000972,2024-06-13,P002,パナソニック VIERA TH-55FX700M,2,120000,240000
R000973,2024-06-13,P109,タニタ 体組成計 インナースキャンデュアル【店頭】＜期間限定＞,1,9800,9800
R000974,2024-06-13,P085,日立 炊飯器 RZ-Mシリーズ［期間限定］,1,30000,30000
R000975,2024-06-13,P101,Echo Dot スマートスピーカー,3,5980,17940
R000976,2024-06-13,P015,森永 エンゼルパイ【閉店セール】,8,300,2400
R000977,2024-06-13,P169,北海道十勝 ラクレットチーズ 300g【半額セール】,5,2480,12400
R000978,2024-06-14,P013,ライオン レノアハピネス（期間限定）,5,500,2500
R000979,2024-06-15,P060,トンボ鉛筆 モノ消しゴム【店頭】［期間限定］,3,100,300
R000980,2024-06-15,P107,Ring ビデオドアベル【店頭】【半額セール】,1,18800,18800
R000981,2024-06-15,P181,ステンレスストロー 8本セット（期間限定）,4,1280,5120
R000982,2024-06-15,P040,クラシエ サッポロ一番【店頭】＜半額セール＞,9,210,1890
R000983,2024-06-16,P036,ハウス食品 カレールウ,10,300,3000
R000984,2024-06-16,P183,みつろうラップ 3枚セット,5,2480,12400
R000985,2024-06-16,P180,竹歯ブラシ 4本セット,3,980,2940
R000986,2024-06-16,P163,有機野菜セット 10品目【店頭】【半額セール】,2,3280,6560
R000987,2024-06-16,P005,キリン 一番搾りビール[期間限定],9,400,3600
R000988,2024-06-16,P143,ダイワ 釣り竿 スピニングロッド[期間限定],1,12800,12800
R000989,2024-06-17,P195,パキラ 観葉植物 8号鉢＜半額セール＞,2,4980,9960
R000990,2024-06-17,P122,DHC ビタミンC 60日分【期間限定】,5,580,2900
R000991,2024-06-17,P013,ライオン レノアハピネス【店頭】,1,500,500
R000992,2024-06-17,P185,ソーラーチャージャー 折りたたみ式【店頭】,5,5980,29900
R000993,2024-06-17,P146,花王 ニャンとも清潔トイレセット＜期間限定＞,1,3980,3980
R000994,2024-06-17,P127,パナソニック フードプロセッサー【店頭】［期間限定］,2,8980,17960
R000995,2024-06-18,P111,ヤーマン 美顔器 フォトプラス＜期間限定＞,1,39800,39800
R000996,2024-06-18,P089,マイクロソフト Xbox Series X【閉店セール】,1,55000,55000
R000997,2024-06-18,P172,三陸産 生ウニ 100g＜半額セール＞,1,5980,5980
R000998,2024-06-18,P004,日清 カップヌードル（半額セール）,5,200,1000
R000999,2024-06-18,P175,テンピュール ネックピロー,2,5980,11960
R001000,2024-06-19,P150,アイリスオーヤマ ペット用自動給水器,2,2980,5960
R001001,2024-06-19,P004,日清 カップヌードル（半額セール）,1,200,200
R001002,2024-06-19,P042,ユニ・チャーム ソフィ,4,350,1400
R001003,2024-06-20,P037,マルちゃん 正麺,10,250,2500
R001004,2024-06-20,P009,パイロット フリクションボールペン【閉店セール】,4,100,400
R001005,2024-06-20,P138,パールイズミ サイクリンググローブ,1,3980,3980
R001006,2024-06-20,P037,マルちゃん 正麺【半額セール】,3,250,750
R001007,2024-06-21,P065,プラス カラーペンセット【店頭】＜期間限定＞,10,250,2500
R001008,2024-06-22,P058,コクヨ キャンパスノート（期間限定）,5,200,1000
R001009,2024-06-22,P120,日食 プレミアムピュアオートミール 300g,5,498,2490
R001010,2024-06-23,P193,マキタ 充電式電動ドライバー[半額セール],5,9800,49000
R001011,2024-06-24,P134,バーミックス ハンドブレンダー,1,24800,24800
R001012,2024-06-24,P083,パナソニック 冷蔵庫 NR-F603M【店頭】＜期間限定＞,2,90000,180000
R001013,2024-06-25,P123,大塚製薬 ネイチャーメイド 鉄分,7,980,6860
R001014,2024-06-25,P110,フィリップス ソニッケアー 電動歯ブラシ（期間限定）,1,8980,8980
R001015,2024-06-25,P056,パイロット G2 ジェルペン＜期間限定＞,5,150,750
R001016,2024-06-25,P145,ロイヤルカナン ドッグフード 3kg（半額セール）,5,4280,21400
R001017,2024-06-26,P193,マキタ 充電式電動ドライバー［期間限定］,2,9800,19600
R001018,2024-06-26,P053,ユニクロ ストレッチジャケット,2,3500,7000
R001019,2024-06-27,P139,カリマー 登山リュック 30L,2,18800,37600
R001020,2024-06-27,P049,ユニクロ ジーンズ[期間限定],1,3000,3000
R001021,2024-06-27,P013,ライオン レノアハピネス【期間限定】,4,500,2000
R001022,2024-06-28,P153,コンビ ベビーカー スゴカルα【半額セール】,1,39800,39800
R001023,2024-06-28,P041,カゴメ トマトジュース（ネット）,4,180,720
R001024,2024-06-29,P153,コンビ ベビーカー スゴカルα【期間限定】,3,39800,119400
R001025,2024-06-29,P123,大塚製薬 ネイチャーメイド 鉄分【半額セール】,4,980,3920
R001026,2024-06-29,P114,オムロン 血圧計 上腕式【半額セール】,2,7980,15960
R001027,2024-06-29,P063,ぺんてる シャープペンシル【店頭】【半額セール】,6,160,960
R001028,2024-06-30,P148,ペティオ ペットベッド あったかドーム【店頭】【半額セール】,1,3480,3480
R001029,2024-07-01,P068,バンダイ 仮面ライダーアクションフィギュア（半額セール）,1,3200,3200
R001030,2024-07-01,P048,花王 ソフィ 洗濯柔軟剤＜期間限定＞,2,300,600
R001031,2024-07-01,P062,パイロット フリクションペン［期間限定］,4,130,520
R001032,2024-07-01,P095,オリンパス PEN-F【店頭】＜半額セール＞,1,140000,140000
R001033,2024-07-01,P116,ブラウン メンズシェーバー シリーズ9,1,24800,24800
R001034,2024-07-01,P170,京都宇治 抹茶スイーツ詰め合わせ【店頭】,1,3200,3200
R001035,2024-07-01,P162,北海道 夕張メロン 1玉[期間限定],5,5800,29000
R001036,2024-07-02,P009,パイロット フリクションボールペン【店頭】【半額セール】,7,100,700
R001037,2024-07-02,P037,マルちゃん 正麺【店頭】,1,250,250
R001038,2024-07-02,P130,デロンギ コーヒーメーカー マグニフィカS【店頭】＜期間限定＞,1,59800,59800
R001039,2024-07-02,P152,GEX ハムスターケージ[期間限定],5,4980,24900
R001040,2024-07-02,P061,Pentel EnerGel【店頭】【半額セール】,4,180,720
R001041,2024-07-03,P072,バンダイ スーパーロボットアクションフィギュア,1,4000,4000
R001042,2024-07-03,P072,バンダイ スーパーロボットアクションフィギュア[期間限定],4,4000,16000
R001043,2024-07-05,P048,花王 ソフィ 洗濯柔軟剤,6,300,1800
R001044,2024-07-05,P008,無印良品 オーガニックコットンシャツ【閉店セール】,2,2500,5000
R001045,2024-07-05,P035,ヤクルト 1000,5,250,1250
R001046,2024-07-05,P062,パイロット フリクションペン【閉店セール】,10,130,1300
R001047,2024-07-05,P162,北海道 夕張メロン 1玉＜期間限定＞,4,5800,23200
R001048,2024-07-06,P162,北海道 夕張メロン 1玉【店頭】＜半額セール＞,3,5800,17400
R001049,2024-07-06,P034,サントリー ザ・プレミアムモルツ【店頭】,2,500,1000
R001050,2024-07-06,P032,京セラ DS-300【閉店セール】,2,45000,90000
R001051,2024-07-07,P195,パキラ 観葉植物 8号鉢【店頭】［期間限定］,2,4980,9960
R001052,2024-07-07,P129,象印 ホットプレート やきやき【閉店セール】,1,12800,12800
R001053,2024-07-07,P117,ザバス ホエイプロテイン ココア味 1kg【閉店セール】,1,3980,3980
R001054,2024-07-08,P044,資生堂 TSUBAKIシャンプー,3,1200,3600
R001055,2024-07-08,P058,コクヨ キャンパスノート,2,200,400
R001056,2024-07-08,P045,大正製薬 サロンパス＜期間限定＞,7,400,2800
R001057,2024-07-08,P184,エコ洗剤 ハッピーエレファント 詰替用（ネット）,7,598,4186
R001058,2024-07-09,P005,キリン 一番搾りビール【店頭】［期間限定］,1,400,400
R001059,2024-07-09,P101,Echo Dot スマートスピーカー,3,5980,17940
R001060,2024-07-09,P046,ロート製薬 ムヒ（半額セール）,3,500,1500
R001061,2024-07-10,P039,ロッテ ガーナミルクチョコレート,1,180,180
R001062,2024-07-11,P148,ペティオ ペットベッド あったかドーム【店頭】＜期間限定＞,1,3480,3480
R001063,2024-07-11,P103,SwitchBot スマートロック Pro【店頭】,1,12800,12800
R001064,2024-07-11,P185,ソーラーチャージャー 折りたたみ式（期間限定）,5,5980,29900
R001065,2024-07-11,P150,アイリスオーヤマ ペット用自動給水器[半額セール],2,2980,5960
R001066,2024-07-12,P012,明治 ミルクチョコレート【店頭】【半額セール】,5,150,750
R001067,2024-07-12,P037,マルちゃん 正麺,2,250,500
R001068,2024-07-12,P067,バンダイ たまごっち【店頭】,2,1200,2400
R001069,2024-07-13,P102,Nature Remo IoT温度センサー,1,3980,3980
R001070,2024-07-14,P157,ピジョン 哺乳びん 母乳実感【店頭】［期間限定］,2,1980,3960
R001071,2024-07-14,P043,P&G アリエール洗濯洗剤【閉店セール】,3,800,2400
R001072,2024-07-14,P022,日立 ドラム式洗濯機【店頭】＜期間限定＞,1,100000,100000
R001073,2024-07-14,P125,森永 おいしいコラーゲンドリンク 12本＜期間限定＞,2,2980,5960
R001074,2024-07-15,P080,ソニー ブルーレイプレーヤー【期間限定】,1,12000,12000
R001075,2024-07-15,P125,森永 おいしいコラーゲンドリンク 12本【店頭】＜期間限定＞,2,2980,5960
R001076,2024-07-16,P073,タカラトミー ウルトラマンフィギュア（期間限定）,3,3000,9000
R001077,2024-07-16,P011,東芝 REGZA 43S32【閉店セール】,1,70000,70000
R001078,2024-07-16,P106,SwitchBot カーテン自動開閉[半額セール],1,7980,7980
R001079,2024-07-16,P167,新潟県魚沼産コシヒカリ 5kg,3,3980,11940
R001080,2024-07-16,P179,マーナ シュパット エコバッグ L【店頭】［期間限定］,2,1980,3960
R001081,2024-07-16,P073,タカラトミー ウルトラマンフィギュア,4,3000,12000
R001082,2024-07-17,P111,ヤーマン 美顔器 フォトプラス,2,39800,79600
R001083,2024-07-17,P018,シャープ 加湿器 HX-50（半額セール）,1,15000,15000
R001084,2024-07-17,P103,SwitchBot スマートロック Pro【店頭】【半額セール】,1,12800,12800
R001085,2024-07-18,P145,ロイヤルカナン ドッグフード 3kg（半額セール）,2,4280,8560
R001086,2024-07-18,P137,コールマン ツーリングドームテント【店頭】,1,22800,22800
R001087,2024-07-18,P045,大正製薬 サロンパス【店頭】＜半額セール＞,4,400,1600
R001088,2024-07-18,P035,ヤクルト 1000,10,250,2500
R001089,2024-07-18,P165,博多久松 おせち料理セット 三段重【店頭】＜期間限定＞,2,15800,31600
R001090,2024-07-18,P125,森永 おいしいコラーゲンドリンク 12本,1,2980,2980
R001091,2024-07-18,P063,ぺんてる シャープペンシル（期間限定）,9,160,1440
R001092,2024-07-19,P121,明治 アミノコラーゲン 200g＜期間限定＞,2,2480,4960
R001093,2024-07-19,P086,三菱 IHクッキングヒーター【半額セール】,3,45000,135000
R001094,2024-07-19,P110,フィリップス ソニッケアー 電動歯ブラシ,5,8980,44900
R001095,2024-07-19,P182,再生紙ノート A5 5冊パック【店頭】＜期間限定＞,3,680,2040
R001096,2024-07-20,P121,明治 アミノコラーゲン 200g【店頭】＜半額セール＞,3,2480,7440
R001097,2024-07-20,P122,DHC ビタミンC 60日分【店頭】［期間限定］,2,580,1160
R001098,2024-07-21,P079,パナソニック 電子レンジ,1,15000,15000
R001099,2024-07-21,P178,折りたたみ トラベルバックパック（ネット）,1,3980,3980
R001100,2024-07-21,P162,北海道 夕張メロン 1玉（期間限定）,4,5800,23200
R001101,2024-07-21,P139,カリマー 登山リュック 30L,1,18800,18800
R001102,2024-07-21,P146,花王 ニャンとも清潔トイレセット【閉店セール】,2,3980,7960
R001103,2024-07-22,P161,松坂牛 サーロインステーキ 200g（半額セール）,1,8800,8800
R001104,2024-07-22,P114,オムロン 血圧計 上腕式【期間限定】,1,7980,7980
R001105,2024-07-22,P125,森永 おいしいコラーゲンドリンク 12本【期間限定】,2,2980,5960
R001106,2024-07-22,P055,無印良品 シンプルワンピース【店頭】,1,4000,4000
R001107,2024-07-23,P148,ペティオ ペットベッド あったかドーム[半額セール],1,3480,3480
R001108,2024-07-24,P107,Ring ビデオドアベル［期間限定］,1,18800,18800
R001109,2024-07-24,P167,新潟県魚沼産コシヒカリ 5kg【店頭】＜期間限定＞,4,3980,15920
R001110,2024-07-24,P152,GEX ハムスターケージ（ネット）,2,4980,9960
R001111,2024-07-24,P089,マイクロソフト Xbox Series X[半額セール],1,55000,55000
R001112,2024-07-24,P170,京都宇治 抹茶スイーツ詰め合わせ,3,3200,9600
R001113,2024-07-24,P154,パンパース おむつ テープ 新生児 114枚【店頭】＜期間限定＞,2,2180,4360
R001114,2024-07-24,P013,ライオン レノアハピネス[半額セール],4,500,2000
R001115,2024-07-25,P107,Ring ビデオドアベル（半額セール）,2,18800,37600
R001116,2024-07-25,P151,ドギーマン おさんぽリード[半額セール],1,1480,1480
R001117,2024-07-25,P133,アイリスオーヤマ 電気圧力鍋[半額セール],2,13800,27600
R001118,2024-07-26,P149,チャオ ちゅ〜る バラエティ 50本,1,1980,1980
R001119,2024-07-27,P054,GU Tシャツ[期間限定],2,1200,2400
R001120,2024-07-27,P100,京セラ TASKalfa 2552ci【期間限定】,2,250000,500000
R001121,2024-07-27,P102,Nature Remo IoT温度センサー【店頭】【半額セール】,5,3980,19900
R001122,2024-07-27,P111,ヤーマン 美顔器 フォトプラス【店頭】［期間限定］,2,39800,79600
R001123,2024-07-27,P127,パナソニック フードプロセッサー（期間限定）,1,8980,8980
R001124,2024-07-27,P074,バンダイ ミニ四駆,1,2000,2000
R001125,2024-07-28,P070,バンダイ トランスフォーマー【店頭】【半額セール】,1,3500,3500
R001126,2024-07-28,P143,ダイワ 釣り竿 スピニングロッド［期間限定］,1,12800,12800
R001127,2024-07-29,P196,TONE 工具セット 56点[期間限定],1,14800,14800
R001128,2024-07-30,P197,高儀 電動丸ノコ（半額セール）,3,8980,26940
R001129,2024-07-30,P038,江崎グリコ ポッキー,4,150,600
R001130,2024-07-30,P036,ハウス食品 カレールウ,8,300,2400
R001131,2024-07-30,P046,ロート製薬 ムヒ（ネット）,8,500,4000
R001132,2024-07-30,P197,高儀 電動丸ノコ,4,8980,35920
R001133,2024-07-31,P182,再生紙ノート A5 5冊パック（半額セール）,10,680,6800
R001134,2024-07-31,P034,サントリー ザ・プレミアムモルツ,10,500,5000
R001135,2024-07-31,P007,ユニクロ ヒートテックTシャツ【店頭】＜半額セール＞,4,1500,6000
R001136,2024-07-31,P136,Manduka ヨガマット PRO 6mm【店頭】＜期間限定＞,1,14800,14800
R001137,2024-08-01,P004,日清 カップヌードル（半額セール）,8,200,1600
R001138,2024-08-01,P052,無印良品 リネンシャツ【半額セール】,5,2800,14000
R001139,2024-08-02,P005,キリン 一番搾りビール,5,400,2000
R001140,2024-08-02,P102,Nature Remo IoT温度センサー[半額セール],1,3980,3980
R001141,2024-08-02,P033,日清 どん兵衛（期間限定）,7,220,1540
R001142,2024-08-03,P124,味の素 アミノバイタル プロ 30本＜半額セール＞,3,3680,11040
R001143,2024-08-03,P054,GU Tシャツ,2,1200,2400
R001144,2024-08-03,P057,三菱鉛筆 ユニ＜半額セール＞,9,120,1080
R001145,2024-08-03,P034,サントリー ザ・プレミアムモルツ（半額セール）,6,500,3000
R001146,2024-08-04,P167,新潟県魚沼産コシヒカリ 5kg,1,3980,3980
R001147,2024-08-04,P101,Echo Dot スマートスピーカー（ネット）,1,5980,5980
R001148,2024-08-04,P018,シャープ 加湿器 HX-50,1,15000,15000
R001149,2024-08-05,P108,TP-Link スマートプラグ 2個セット＜期間限定＞,3,3200,9600
R001150,2024-08-05,P161,松坂牛 サーロインステーキ 200g,5,8800,44000
R001151,2024-08-05,P144,コールマン 寝袋 マルチレイヤースリーピングバッグ[半額セール],2,8800,17600
R001152,2024-08-05,P125,森永 おいしいコラーゲンドリンク 12本,2,2980,5960
R001153,2024-08-05,P193,マキタ 充電式電動ドライバー【店頭】［期間限定］,1,9800,9800
R001154,2024-08-05,P058,コクヨ キャンパスノート＜期間限定＞,2,200,400
R001155,2024-08-07,P197,高儀 電動丸ノコ【店頭】＜半額セール＞,1,8980,8980
R001156,2024-08-07,P124,味の素 アミノバイタル プロ 30本,2,3680,7360
R001157,2024-08-08,P068,バンダイ 仮面ライダーアクションフィギュア,3,3200,9600
R001158,2024-08-08,P156,コンビ チャイルドシート クルムーヴ＜半額セール＞,2,38800,77600
R001159,2024-08-09,P167,新潟県魚沼産コシヒカリ 5kg,4,3980,15920
R001160,2024-08-09,P154,パンパース おむつ テープ 新生児 114枚【半額セール】,2,2180,4360
R001161,2024-08-09,P166,築地直送 本マグロ 中トロ 300g（期間限定）,1,6800,6800
R001162,2024-08-09,P133,アイリスオーヤマ 電気圧力鍋,1,13800,13800
R001163,2024-08-09,P170,京都宇治 抹茶スイーツ詰め合わせ＜半額セール＞,2,3200,6400
R001164,2024-08-10,P102,Nature Remo IoT温度センサー,5,3980,19900
R001165,2024-08-10,P147,ユリウス K9 犬用ハーネス[半額セール],2,7980,15960
R001166,2024-08-10,P200,花ごころ 培養土 25L & 肥料セット【店頭】,2,1480,2960
R001167,2024-08-11,P043,P&G アリエール洗濯洗剤,10,800,8000
R001168,2024-08-11,P064,クラフトマン ボールペン,4,150,600
R001169,2024-08-11,P041,カゴメ トマトジュース（半額セール）,7,180,1260
R001170,2024-08-11,P118,ネイチャーメイド マルチビタミン 100粒,3,1580,4740
R001171,2024-08-11,P140,アディダス スポーツウェア 上下セット,2,8980,17960
R001172,2024-08-12,P042,ユニ・チャーム ソフィ,5,350,1750
R001173,2024-08-12,P053,ユニクロ ストレッチジャケット,5,3500,17500
R001174,2024-08-13,P014,三菱エアコン MSZ-GV3519【店頭】,1,90000,90000
R001175,2024-08-13,P080,ソニー ブルーレイプレーヤー（期間限定）,2,12000,24000
R001176,2024-08-13,P039,ロッテ ガーナミルクチョコレート,4,180,720
R001177,2024-08-13,P119,ヤクルト 青汁のめぐり 30袋[期間限定],1,1980,1980
R001178,2024-08-14,P079,パナソニック 電子レンジ[半額セール],2,15000,30000
R001179,2024-08-14,P033,日清 どん兵衛＜半額セール＞,1,220,220
R001180,2024-08-14,P015,森永 エンゼルパイ［期間限定］,8,300,2400
R001181,2024-08-15,P035,ヤクルト 1000,6,250,1500
R001182,2024-08-15,P070,バンダイ トランスフォーマー,3,3500,10500
R001183,2024-08-15,P033,日清 どん兵衛［期間限定］,6,220,1320
R001184,2024-08-15,P137,コールマン ツーリングドームテント【店頭】,1,22800,22800
R001185,2024-08-16,P127,パナソニック フードプロセッサー【店頭】【半額セール】,2,8980,17960
R001186,2024-08-16,P145,ロイヤルカナン ドッグフード 3kg,1,4280,4280
R001187,2024-08-16,P194,アイリスオーヤマ ガーデニングツール 10点セット（ネット）,1,3980,3980
R001188,2024-08-16,P059,ゼブラ マイルドライナー,9,180,1620
R001189,2024-08-17,P038,江崎グリコ ポッキー,4,150,600
R001190,2024-08-17,P105,Philips Hue スマート照明スターターキット,2,9800,19600
R001191,2024-08-18,P039,ロッテ ガーナミルクチョコレート（半額セール）,9,180,1620
R001192,2024-08-18,P065,プラス カラーペンセット,6,250,1500
R001193,2024-08-19,P180,竹歯ブラシ 4本セット,6,980,5880
R001194,2024-08-19,P036,ハウス食品 カレールウ[期間限定],10,300,3000
R001195,2024-08-19,P048,花王 ソフィ 洗濯柔軟剤[期間限定],4,300,1200
R001196,2024-08-19,P111,ヤーマン 美顔器 フォトプラス【半額セール】,1,39800,39800
R001197,2024-08-19,P195,パキラ 観葉植物 8号鉢【店頭】［期間限定］,4,4980,19920
R001198,2024-08-21,P034,サントリー ザ・プレミアムモルツ,6,500,3000
R001199,2024-08-21,P150,アイリスオーヤマ ペット用自動給水器（期間限定）,3,2980,8940
R001200,2024-08-21,P120,日食 プレミアムピュアオートミール 300g【店頭】【半額セール】,6,498,2988
R001201,2024-08-21,P194,アイリスオーヤマ ガーデニングツール 10点セット（期間限定）,3,3980,11940
R001202,2024-08-21,P042,ユニ・チャーム ソフィ＜半額セール＞,1,350,350
R001203,2024-08-21,P064,クラフトマン ボールペン＜半額セール＞,9,150,1350
R001204,2024-08-22,P025,キヤノン EOS R6【半額セール】,1,230000,230000
R001205,2024-08-22,P040,クラシエ サッポロ一番（期間限定）,4,210,840
R001206,2024-08-22,P114,オムロン 血圧計 上腕式,2,7980,15960
R001207,2024-08-22,P033,日清 どん兵衛,5,220,1100
R001208,2024-08-23,P063,ぺんてる シャープペンシル【店頭】＜半額セール＞,9,160,1440
R001209,2024-08-23,P124,味の素 アミノバイタル プロ 30本,5,3680,18400
R001210,2024-08-23,P013,ライオン レノアハピネス,9,500,4500
R001211,2024-08-23,P112,ドクターエア マッサージガン（半額セール）,1,14800,14800
R001212,2024-08-23,P171,鹿児島黒豚 しゃぶしゃぶ用 500g,5,4800,24000
R001213,2024-08-24,P063,ぺんてる シャープペンシル【閉店セール】,6,160,960
R001214,2024-08-24,P174,無印良品風 トラベルポーチ 3点セット【店頭】［期間限定］,4,2480,9920
R001215,2024-08-24,P073,タカラトミー ウルトラマンフィギュア＜期間限定＞,1,3000,3000
R001216,2024-08-25,P199,BOSCH レーザー距離計,2,7980,15960
R001217,2024-08-25,P033,日清 どん兵衛（半額セール）,8,220,1760
R001218,2024-08-25,P034,サントリー ザ・プレミアムモルツ【期間限定】,9,500,4500
R001219,2024-08-25,P117,ザバス ホエイプロテイン ココア味 1kg,2,3980,7960
R001220,2024-08-25,P033,日清 どん兵衛,2,220,440
R001221,2024-08-26,P171,鹿児島黒豚 しゃぶしゃぶ用 500g[期間限定],2,4800,9600
R001222,2024-08-26,P056,パイロット G2 ジェルペン,6,150,900
R001223,2024-08-26,P179,マーナ シュパット エコバッグ L[期間限定],1,1980,1980
R001224,2024-08-26,P162,北海道 夕張メロン 1玉[半額セール],1,5800,5800
R001225,2024-08-26,P034,サントリー ザ・プレミアムモルツ（期間限定）,7,500,3500
R001226,2024-08-27,P012,明治 ミルクチョコレート,8,150,1200
R001227,2024-08-27,P013,ライオン レノアハピネス,2,500,1000
R001228,2024-08-27,P063,ぺんてる シャープペンシル,3,160,480
R001229,2024-08-27,P111,ヤーマン 美顔器 フォトプラス【店頭】,1,39800,39800
R001230,2024-08-27,P145,ロイヤルカナン ドッグフード 3kg【店頭】,2,4280,8560
R001231,2024-08-27,P048,花王 ソフィ 洗濯柔軟剤,2,300,600
R001232,2024-08-28,P166,築地直送 本マグロ 中トロ 300g,2,6800,13600
R001233,2024-08-28,P021,東芝 ノンフロン冷蔵庫[期間限定],1,85000,85000
R001234,2024-08-28,P037,マルちゃん 正麺【閉店セール】,10,250,2500
R001235,2024-08-28,P127,パナソニック フードプロセッサー[半額セール],1,8980,8980
R001236,2024-08-28,P095,オリンパス PEN-F,1,140000,140000
R001237,2024-08-28,P071,バンダイ デジモンカード[期間限定],8,500,4000
R001238,2024-08-28,P153,コンビ ベビーカー スゴカルα,2,39800,79600
R001239,2024-08-29,P030,エプソン エコタンク ET-2750【店頭】【半額セール】,1,35000,35000
R001240,2024-08-29,P042,ユニ・チャーム ソフィ,2,350,700
R001241,2024-08-29,P006,花王 アタック洗剤,7,800,5600
R001242,2024-08-29,P139,カリマー 登山リュック 30L＜半額セール＞,1,18800,18800
R001243,2024-08-30,P108,TP-Link スマートプラグ 2個セット【店頭】【半額セール】,3,3200,9600
R001244,2024-08-30,P083,パナソニック 冷蔵庫 NR-F603M【閉店セール】,2,90000,180000
R001245,2024-08-31,P071,バンダイ デジモンカード,3,500,1500
R001246,2024-08-31,P152,GEX ハムスターケージ［期間限定］,1,4980,4980
R001247,2024-08-31,P039,ロッテ ガーナミルクチョコレート（期間限定）,8,180,1440
R001248,2024-08-31,P006,花王 アタック洗剤,2,800,1600
R001249,2024-09-01,P149,チャオ ちゅ〜る バラエティ 50本＜期間限定＞,1,1980,1980
R001250,2024-09-01,P004,日清 カップヌードル【店頭】【半額セール】,7,200,1400
R001251,2024-09-01,P169,北海道十勝 ラクレットチーズ 300g【店頭】＜半額セール＞,2,2480,4960
R001252,2024-09-01,P064,クラフトマン ボールペン【閉店セール】,10,150,1500
R001253,2024-09-02,P076,パナソニック ポータブルスピーカー,3,6000,18000
R001254,2024-09-02,P046,ロート製薬 ムヒ【閉店セール】,1,500,500
R001255,2024-09-02,P200,花ごころ 培養土 25L & 肥料セット,5,1480,7400
R001256,2024-09-02,P157,ピジョン 哺乳びん 母乳実感（期間限定）,2,1980,3960
R001257,2024-09-03,P171,鹿児島黒豚 しゃぶしゃぶ用 500g＜期間限定＞,2,4800,9600
R001258,2024-09-03,P021,東芝 ノンフロン冷蔵庫,1,85000,85000
R001259,2024-09-04,P080,ソニー ブルーレイプレーヤー【店頭】,1,12000,12000
R001260,2024-09-05,P176,地球の歩き方 旅行ガイドブック【店頭】＜期間限定＞,3,1980,5940
R001261,2024-09-05,P122,DHC ビタミンC 60日分,1,580,580
R001262,2024-09-05,P061,Pentel EnerGel（ネット）,2,180,360
R001263,2024-09-05,P180,竹歯ブラシ 4本セット,1,980,980
R001264,2024-09-06,P123,大塚製薬 ネイチャーメイド 鉄分（半額セール）,7,980,6860
R001265,2024-09-06,P131,シャープ ヘルシオ ホットクック【閉店セール】,2,42800,85600
R001266,2024-09-06,P037,マルちゃん 正麺（期間限定）,8,250,2000
R001267,2024-09-06,P013,ライオン レノアハピネス,8,500,4000
R001268,2024-09-07,P037,マルちゃん 正麺,5,250,1250
R001269,2024-09-07,P063,ぺんてる シャープペンシル,2,160,320
R001270,2024-09-08,P039,ロッテ ガーナミルクチョコレート,7,180,1260
R001271,2024-09-08,P033,日清 どん兵衛【店頭】,9,220,1980
R001272,2024-09-08,P028,オリンパス OM-D E-M10【店頭】【半額セール】,1,120000,120000
R001273,2024-09-08,P178,折りたたみ トラベルバックパック[半額セール],1,3980,3980
R001274,2024-09-08,P154,パンパース おむつ テープ 新生児 114枚,4,2180,8720
R001275,2024-09-09,P037,マルちゃん 正麺,6,250,1500
R001276,2024-09-10,P008,無印良品 オーガニックコットンシャツ［期間限定］,2,2500,5000
R001277,2024-09-11,P169,北海道十勝 ラクレットチーズ 300g,1,2480,2480
R001278,2024-09-11,P012,明治 ミルクチョコレート【店頭】【半額セール】,7,150,1050
R001279,2024-09-11,P045,大正製薬 サロンパス（半額セール）,1,400,400
R001280,2024-09-11,P046,ロート製薬 ムヒ【店頭】【半額セール】,5,500,2500
R001281,2024-09-12,P049,ユニクロ ジーンズ,1,3000,3000
R001282,2024-09-12,P170,京都宇治 抹茶スイーツ詰め合わせ,1,3200,3200
R001283,2024-09-12,P009,パイロット フリクションボールペン【店頭】【半額セール】,5,100,500
R001284,2024-09-12,P127,パナソニック フードプロセッサー,4,8980,35920
R001285,2024-09-12,P162,北海道 夕張メロン 1玉,2,5800,11600
R001286,2024-09-13,P107,Ring ビデオドアベル［期間限定］,1,18800,18800
R001287,2024-09-13,P125,森永 おいしいコラーゲンドリンク 12本,2,2980,5960
R001288,2024-09-16,P070,バンダイ トランスフォーマー,2,3500,7000
R001289,2024-09-16,P170,京都宇治 抹茶スイーツ詰め合わせ,3,3200,9600
R001290,2024-09-16,P083,パナソニック 冷蔵庫 NR-F603M（期間限定）,1,90000,90000
R001291,2024-09-17,P147,ユリウス K9 犬用ハーネス（半額セール）,1,7980,7980
R001292,2024-09-17,P139,カリマー 登山リュック 30L（期間限定）,2,18800,37600
R001293,2024-09-18,P122,DHC ビタミンC 60日分,5,580,2900
R001294,2024-09-18,P182,再生紙ノート A5 5冊パック＜期間限定＞,1,680,680
R001295,2024-09-19,P034,サントリー ザ・プレミアムモルツ,8,500,4000
R001296,2024-09-19,P036,ハウス食品 カレールウ＜期間限定＞,4,300,1200
R001297,2024-09-19,P046,ロート製薬 ムヒ,7,500,3500
R001298,2024-09-19,P168,宮崎県産 完熟マンゴー 2個＜期間限定＞,2,7800,15600
R001299,2024-09-19,P150,アイリスオーヤマ ペット用自動給水器【店頭】,1,2980,2980
R001300,2024-09-19,P046,ロート製薬 ムヒ【店頭】＜期間限定＞,7,500,3500
R001301,2024-09-19,P067,バンダイ たまごっち＜半額セール＞,2,1200,2400
R001302,2024-09-20,P174,無印良品風 トラベルポーチ 3点セット（半額セール）,3,2480,7440
R001303,2024-09-20,P004,日清 カップヌードル,7,200,1400
R001304,2024-09-22,P145,ロイヤルカナン ドッグフード 3kg（ネット）,2,4280,8560
R001305,2024-09-23,P042,ユニ・チャーム ソフィ【半額セール】,10,350,3500
R001306,2024-09-23,P139,カリマー 登山リュック 30L［期間限定］,2,18800,37600
R001307,2024-09-23,P101,Echo Dot スマートスピーカー【店頭】【半額セール】,3,5980,17940
R001308,2024-09-23,P041,カゴメ トマトジュース,3,180,540
R001309,2024-09-23,P035,ヤクルト 1000【閉店セール】,10,250,2500
R001310,2024-09-23,P042,ユニ・チャーム ソフィ【店頭】＜期間限定＞,7,350,2450
R001311,2024-09-24,P164,銀座千疋屋 クリスマスケーキ［期間限定］,1,5400,5400
R001312,2024-09-24,P106,SwitchBot カーテン自動開閉【半額セール】,1,7980,7980
R001313,2024-09-25,P084,シャープ 空気清浄機（ネット）,1,22000,22000
R001314,2024-09-25,P059,ゼブラ マイルドライナー【店頭】［期間限定］,3,180,540
R001315,2024-09-26,P195,パキラ 観葉植物 8号鉢,4,4980,19920
R001316,2024-09-26,P111,ヤーマン 美顔器 フォトプラス,2,39800,79600
R001317,2024-09-26,P117,ザバス ホエイプロテイン ココア味 1kg【店頭】【半額セール】,1,3980,3980
R001318,2024-09-26,P196,TONE 工具セット 56点[期間限定],1,14800,14800
R001319,2024-09-26,P138,パールイズミ サイクリンググローブ,3,3980,11940
R001320,2024-09-26,P177,ゼロハリバートン アタッシュケース,1,19800,19800
R001321,2024-09-27,P137,コールマン ツーリングドームテント,2,22800,45600
R001322,2024-09-27,P051,ユニクロ スウェットパーカー,4,2500,10000
R001323,2024-09-27,P039,ロッテ ガーナミルクチョコレート,4,180,720
R001324,2024-09-28,P013,ライオン レノアハピネス［期間限定］,6,500,3000
R001325,2024-09-28,P102,Nature Remo IoT温度センサー（ネット）,4,3980,15920
R001326,2024-09-28,P166,築地直送 本マグロ 中トロ 300g【店頭】［期間限定］,1,6800,6800
R001327,2024-09-28,P046,ロート製薬 ムヒ【店頭】＜半額セール＞,8,500,4000
R001328,2024-09-28,P083,パナソニック 冷蔵庫 NR-F603M【店頭】,1,90000,90000
R001329,2024-09-28,P066,タカラトミー プラレール,1,2800,2800
R001330,2024-09-29,P150,アイリスオーヤマ ペット用自動給水器,3,2980,8940
R001331,2024-09-30,P062,パイロット フリクションペン［期間限定］,4,130,520
R001332,2024-09-30,P172,三陸産 生ウニ 100g,2,5980,11960
R001333,2024-09-30,P196,TONE 工具セット 56点＜期間限定＞,2,14800,29600
R001334,2024-09-30,P167,新潟県魚沼産コシヒカリ 5kg（期間限定）,1,3980,3980
R001335,2024-09-30,P064,クラフトマン ボールペン【半額セール】,10,150,1500
R001336,2024-09-30,P180,竹歯ブラシ 4本セット【閉店セール】,5,980,4900
R001337,2024-10-01,P100,京セラ TASKalfa 2552ci[半額セール],1,250000,250000
R001338,2024-10-01,P018,シャープ 加湿器 HX-50,1,15000,15000
R001339,2024-10-02,P060,トンボ鉛筆 モノ消しゴム[半額セール],9,100,900
R001340,2024-10-02,P165,博多久松 おせち料理セット 三段重（期間限定）,2,15800,31600
R001341,2024-10-03,P096,ニコン Z6 II（半額セール）,1,200000,200000
R001342,2024-10-04,P021,東芝 ノンフロン冷蔵庫【店頭】［期間限定］,1,85000,85000
R001343,2024-10-04,P013,ライオン レノアハピネス,8,500,4000
R001344,2024-10-05,P166,築地直送 本マグロ 中トロ 300g【店頭】,2,6800,13600
R001345,2024-10-05,P118,ネイチャーメイド マルチビタミン 100粒【閉店セール】,4,1580,6320
R001346,2024-10-07,P143,ダイワ 釣り竿 スピニングロッド,1,12800,12800
R001347,2024-10-07,P042,ユニ・チャーム ソフィ【店頭】＜期間限定＞,3,350,1050
R001348,2024-10-07,P112,ドクターエア マッサージガン【店頭】［期間限定］,3,14800,44400
R001349,2024-10-08,P034,サントリー ザ・プレミアムモルツ[半額セール],6,500,3000
R001350,2024-10-08,P200,花ごころ 培養土 25L & 肥料セット[半額セール],1,1480,1480
R001351,2024-10-09,P018,シャープ 加湿器 HX-50,2,15000,30000
R001352,2024-10-09,P010,タカラトミー ガンダムフィギュア[半額セール],1,3000,3000
R001353,2024-10-09,P128,ティファール 電気ケトル 1.2L＜期間限定＞,3,4980,14940
R001354,2024-10-09,P154,パンパース おむつ テープ 新生児 114枚（半額セール）,2,2180,4360
R001355,2024-10-09,P123,大塚製薬 ネイチャーメイド 鉄分,7,980,6860
R001356,2024-10-10,P137,コールマン ツーリングドームテント＜半額セール＞,1,22800,22800
R001357,2024-10-10,P085,日立 炊飯器 RZ-Mシリーズ＜半額セール＞,2,30000,60000
R001358,2024-10-10,P161,松坂牛 サーロインステーキ 200g（期間限定）,1,8800,8800
R001359,2024-10-10,P167,新潟県魚沼産コシヒカリ 5kg（ネット）,4,3980,15920
R001360,2024-10-10,P101,Echo Dot スマートスピーカー【店頭】,2,5980,11960
R001361,2024-10-11,P004,日清 カップヌードル【店頭】［期間限定］,5,200,1000
R001362,2024-10-11,P180,竹歯ブラシ 4本セット【店頭】＜期間限定＞,9,980,8820
R001363,2024-10-11,P119,ヤクルト 青汁のめぐり 30袋【店頭】＜期間限定＞,4,1980,7920
R001364,2024-10-11,P128,ティファール 電気ケトル 1.2L,2,4980,9960
R001365,2024-10-12,P114,オムロン 血圧計 上腕式,1,7980,7980
R001366,2024-10-12,P045,大正製薬 サロンパス[半額セール],4,400,1600
R001367,2024-10-13,P037,マルちゃん 正麺[期間限定],6,250,1500
R001368,2024-10-13,P101,Echo Dot スマートスピーカー,4,5980,23920
R001369,2024-10-13,P138,パールイズミ サイクリンググローブ[期間限定],3,3980,11940
R001370,2024-10-13,P170,京都宇治 抹茶スイーツ詰め合わせ[期間限定],1,3200,3200
R001371,2024-10-14,P163,有機野菜セット 10品目（ネット）,1,3280,3280
R001372,2024-10-15,P141,モンベル トレッキングポール【期間限定】,1,6980,6980
R001373,2024-10-15,P168,宮崎県産 完熟マンゴー 2個,3,7800,23400
R001374,2024-10-16,P115,パナソニック 目もとエステ［期間限定］,2,15800,31600
R001375,2024-10-16,P154,パンパース おむつ テープ 新生児 114枚,3,2180,6540
R001376,2024-10-16,P041,カゴメ トマトジュース（ネット）,9,180,1620
R001377,2024-10-17,P074,バンダイ ミニ四駆,1,2000,2000
R001378,2024-10-17,P008,無印良品 オーガニックコットンシャツ【期間限定】,3,2500,7500
R001379,2024-10-17,P099,リコー MP C4504,1,80000,80000
R001380,2024-10-18,P043,P&G アリエール洗濯洗剤【期間限定】,9,800,7200
R001381,2024-10-18,P161,松坂牛 サーロインステーキ 200g＜半額セール＞,5,8800,44000
R001382,2024-10-19,P039,ロッテ ガーナミルクチョコレート【店頭】【半額セール】,2,180,360
R001383,2024-10-19,P040,クラシエ サッポロ一番【店頭】,2,210,420
R001384,2024-10-19,P183,みつろうラップ 3枚セット（期間限定）,3,2480,7440
R001385,2024-10-20,P122,DHC ビタミンC 60日分,5,580,2900
R001386,2024-10-20,P013,ライオン レノアハピネス[期間限定],2,500,1000
R001387,2024-10-20,P072,バンダイ スーパーロボットアクションフィギュア（半額セール）,2,4000,8000
R001388,2024-10-20,P183,みつろうラップ 3枚セット[期間限定],1,2480,2480
R001389,2024-10-21,P035,ヤクルト 1000[半額セール],3,250,750
R001390,2024-10-21,P017,パナソニック 4Kプロジェクター［期間限定］,1,130000,130000
R001391,2024-10-21,P185,ソーラーチャージャー 折りたたみ式[半額セール],1,5980,5980
R001392,2024-10-21,P005,キリン 一番搾りビール【店頭】［期間限定］,7,400,2800
R001393,2024-10-21,P073,タカラトミー ウルトラマンフィギュア【店頭】【半額セール】,4,3000,12000
R001394,2024-10-21,P116,ブラウン メンズシェーバー シリーズ9（ネット）,2,24800,49600
R001395,2024-10-22,P046,ロート製薬 ムヒ[半額セール],1,500,500
R001396,2024-10-22,P040,クラシエ サッポロ一番【店頭】【半額セール】,7,210,1470
R001397,2024-10-22,P147,ユリウス K9 犬用ハーネス,3,7980,23940
R001398,2024-10-22,P105,Philips Hue スマート照明スターターキット＜期間限定＞,3,9800,29400
R001399,2024-10-22,P129,象印 ホットプレート やきやき,3,12800,38400
R001400,2024-10-22,P114,オムロン 血圧計 上腕式,2,7980,15960
R001401,2024-10-22,P163,有機野菜セット 10品目（期間限定）,2,3280,6560
R001402,2024-10-23,P166,築地直送 本マグロ 中トロ 300g（ネット）,4,6800,27200
R001403,2024-10-23,P118,ネイチャーメイド マルチビタミン 100粒,3,1580,4740
R001404,2024-10-23,P087,ソニー ゲーム機 PLAYSTATION5＜期間限定＞,1,50000,50000
R001405,2024-10-24,P152,GEX ハムスターケージ＜半額セール＞,4,4980,19920
R001406,2024-10-24,P163,有機野菜セット 10品目【店頭】【半額セール】,5,3280,16400
R001407,2024-10-24,P134,バーミックス ハンドブレンダー,2,24800,49600
R001408,2024-10-25,P130,デロンギ コーヒーメーカー マグニフィカS［期間限定］,1,59800,59800
R001409,2024-10-26,P013,ライオン レノアハピネス,9,500,4500
R001410,2024-10-26,P163,有機野菜セット 10品目【店頭】,2,3280,6560
R001411,2024-10-26,P125,森永 おいしいコラーゲンドリンク 12本【店頭】,2,2980,5960
R001412,2024-10-26,P129,象印 ホットプレート やきやき,1,12800,12800
R001413,2024-10-27,P128,ティファール 電気ケトル 1.2L,3,4980,14940
R001414,2024-10-27,P114,オムロン 血圧計 上腕式＜半額セール＞,2,7980,15960
R001415,2024-10-27,P005,キリン 一番搾りビール【半額セール】,10,400,4000
R001416,2024-10-27,P131,シャープ ヘルシオ ホットクック【店頭】［期間限定］,1,42800,42800
R001417,2024-10-28,P078,日立 デジタルサイネージ,1,95000,95000
R001418,2024-10-28,P064,クラフトマン ボールペン【店頭】【半額セール】,8,150,1200
R001419,2024-10-28,P184,エコ洗剤 ハッピーエレファント 詰替用（ネット）,6,598,3588
R001420,2024-10-29,P033,日清 どん兵衛,4,220,880
R001421,2024-10-29,P096,ニコン Z6 II【半額セール】,1,200000,200000
R001422,2024-10-30,P141,モンベル トレッキングポール[期間限定],2,6980,13960
R001423,2024-10-30,P033,日清 どん兵衛,8,220,1760
R001424,2024-10-31,P185,ソーラーチャージャー 折りたたみ式［期間限定］,3,5980,17940
R001425,2024-10-31,P158,アンパンマン おしゃべりいっぱいことばずかん,1,7980,7980
R001426,2024-10-31,P111,ヤーマン 美顔器 フォトプラス【期間限定】,1,39800,39800
R001427,2024-11-01,P050,無印良品 ウールブレンドコート【店頭】＜半額セール＞,1,5000,5000
R001428,2024-11-02,P169,北海道十勝 ラクレットチーズ 300g[半額セール],1,2480,2480
R001429,2024-11-02,P134,バーミックス ハンドブレンダー（ネット）,1,24800,24800
R001430,2024-11-04,P198,プランター 菜園キット 土・種付き（半額セール）,2,2480,4960
R001431,2024-11-04,P171,鹿児島黒豚 しゃぶしゃぶ用 500g【半額セール】,3,4800,14400
R001432,2024-11-04,P117,ザバス ホエイプロテイン ココア味 1kg＜半額セール＞,4,3980,15920
R001433,2024-11-05,P107,Ring ビデオドアベル【期間限定】,1,18800,18800
R001434,2024-11-05,P068,バンダイ 仮面ライダーアクションフィギュア,3,3200,9600
R001435,2024-11-05,P068,バンダイ 仮面ライダーアクションフィギュア,3,3200,9600
R001436,2024-11-05,P043,P&G アリエール洗濯洗剤,5,800,4000
R001437,2024-11-06,P135,アシックス ランニングシューズ GEL-KAYANO（ネット）,1,15800,15800
R001438,2024-11-06,P155,くもん 知育玩具 くみくみスロープ（期間限定）,4,4280,17120
R001439,2024-11-07,P187,季節のフルーツ定期便 月1回【半額セール】,3,4980,14940
R001440,2024-11-08,P166,築地直送 本マグロ 中トロ 300g【閉店セール】,3,6800,20400
R001441,2024-11-09,P111,ヤーマン 美顔器 フォトプラス【店頭】＜期間限定＞,3,39800,119400
R001442,2024-11-10,P146,花王 ニャンとも清潔トイレセット【期間限定】,1,3980,3980
R001443,2024-11-10,P160,西松屋 ベビーバスチェア【店頭】［期間限定］,4,2480,9920
R001444,2024-11-11,P056,パイロット G2 ジェルペン【期間限定】,6,150,900
R001445,2024-11-11,P197,高儀 電動丸ノコ,3,8980,26940
R001446,2024-11-11,P124,味の素 アミノバイタル プロ 30本[半額セール],1,3680,3680
R001447,2024-11-11,P042,ユニ・チャーム ソフィ,9,350,3150
R001448,2024-11-13,P044,資生堂 TSUBAKIシャンプー＜期間限定＞,2,1200,2400
R001449,2024-11-13,P009,パイロット フリクションボールペン＜半額セール＞,10,100,1000
R001450,2024-11-13,P020,パナソニック 掃除機 MC-CL883[期間限定],1,75000,75000
R001451,2024-11-14,P045,大正製薬 サロンパス【半額セール】,6,400,2400
R001452,2024-11-14,P129,象印 ホットプレート やきやき【店頭】,2,12800,25600
R001453,2024-11-14,P175,テンピュール ネックピロー,2,5980,11960
R001454,2024-11-14,P051,ユニクロ スウェットパーカー[半額セール],2,2500,5000
R001455,2024-11-15,P110,フィリップス ソニッケアー 電動歯ブラシ【店頭】＜半額セール＞,2,8980,17960
R001456,2024-11-15,P062,パイロット フリクションペン【店頭】＜期間限定＞,4,130,520
R001457,2024-11-15,P102,Nature Remo IoT温度センサー【店頭】【半額セール】,1,3980,3980
R001458,2024-11-16,P147,ユリウス K9 犬用ハーネス＜半額セール＞,4,7980,31920
R001459,2024-11-16,P006,花王 アタック洗剤（期間限定）,6,800,4800
R001460,2024-11-17,P043,P&G アリエール洗濯洗剤（ネット）,6,800,4800
R001461,2024-11-17,P104,iRobot ルンバ i5 ロボット掃除機＜半額セール＞,1,49800,49800
R001462,2024-11-17,P140,アディダス スポーツウェア 上下セット【店頭】［期間限定］,4,8980,35920
R001463,2024-11-17,P133,アイリスオーヤマ 電気圧力鍋【期間限定】,1,13800,13800
R001464,2024-11-17,P084,シャープ 空気清浄機[半額セール],1,22000,22000
R001465,2024-11-18,P194,アイリスオーヤマ ガーデニングツール 10点セット,2,3980,7960
R001466,2024-11-18,P047,カネボウ ハンドクリーム【期間限定】,4,700,2800
R001467,2024-11-18,P170,京都宇治 抹茶スイーツ詰め合わせ,2,3200,6400
R001468,2024-11-19,P141,モンベル トレッキングポール（半額セール）,4,6980,27920
R001469,2024-11-19,P167,新潟県魚沼産コシヒカリ 5kg,4,3980,15920
R001470,2024-11-19,P171,鹿児島黒豚 しゃぶしゃぶ用 500g【店頭】＜期間限定＞,1,4800,4800
R001471,2024-11-19,P041,カゴメ トマトジュース,2,180,360
R001472,2024-11-20,P047,カネボウ ハンドクリーム（期間限定）,5,700,3500
R001473,2024-11-20,P060,トンボ鉛筆 モノ消しゴム【閉店セール】,7,100,700
R001474,2024-11-20,P118,ネイチャーメイド マルチビタミン 100粒（ネット）,2,1580,3160
R001475,2024-11-20,P138,パールイズミ サイクリンググローブ【店頭】,1,3980,3980
R001476,2024-11-21,P193,マキタ 充電式電動ドライバー,3,9800,29400
R001477,2024-11-21,P013,ライオン レノアハピネス（ネット）,6,500,3000
R001478,2024-11-22,P071,バンダイ デジモンカード【半額セール】,5,500,2500
R001479,2024-11-22,P194,アイリスオーヤマ ガーデニングツール 10点セット＜半額セール＞,5,3980,19900
R001480,2024-11-22,P120,日食 プレミアムピュアオートミール 300g＜期間限定＞,3,498,1494
R001481,2024-11-23,P191,全国銘菓 おやつ定期便【半額セール】,2,2480,4960
R001482,2024-11-23,P166,築地直送 本マグロ 中トロ 300g【店頭】＜半額セール＞,1,6800,6800
R001483,2024-11-23,P037,マルちゃん 正麺＜期間限定＞,9,250,2250
R001484,2024-11-23,P037,マルちゃん 正麺,1,250,250
R001485,2024-11-23,P151,ドギーマン おさんぽリード【店頭】,2,1480,2960
R001486,2024-11-23,P030,エプソン エコタンク ET-2750【店頭】＜半額セール＞,1,35000,35000
R001487,2024-11-24,P052,無印良品 リネンシャツ＜期間限定＞,2,2800,5600
R001488,2024-11-24,P009,パイロット フリクションボールペン,3,100,300
R001489,2024-11-24,P064,クラフトマン ボールペン,4,150,600
R001490,2024-11-24,P168,宮崎県産 完熟マンゴー 2個【店頭】［期間限定］,3,7800,23400
R001491,2024-11-25,P165,博多久松 おせち料理セット 三段重,1,15800,15800
R001492,2024-11-25,P048,花王 ソフィ 洗濯柔軟剤,5,300,1500
R001493,2024-11-25,P186,オーガニックコットン タオルセット【店頭】＜半額セール＞,2,3480,6960
R001494,2024-11-25,P042,ユニ・チャーム ソフィ,4,350,1400
R001495,2024-11-26,P159,エルゴベビー 抱っこひも オムニ360,1,28800,28800
R001496,2024-11-27,P132,ブルーノ コンパクトホットプレート【半額セール】,2,9680,19360
R001497,2024-11-27,P167,新潟県魚沼産コシヒカリ 5kg【店頭】＜半額セール＞,2,3980,7960
R001498,2024-11-27,P075,ソニー ワイヤレススピーカー SRS-XB12,5,8000,40000
R001499,2024-11-27,P018,シャープ 加湿器 HX-50,1,15000,15000
R001500,2024-11-28,P184,エコ洗剤 ハッピーエレファント 詰替用,7,598,4186
R001501,2024-11-29,P101,Echo Dot スマートスピーカー【店頭】【半額セール】,1,5980,5980
R001502,2024-11-29,P118,ネイチャーメイド マルチビタミン 100粒【店頭】【半額セール】,2,1580,3160
R001503,2024-11-29,P145,ロイヤルカナン ドッグフード 3kg【店頭】,1,4280,4280
R001504,2024-11-29,P072,バンダイ スーパーロボットアクションフィギュア,4,4000,16000
R001505,2024-11-30,P142,ザノースフェイス レインジャケット【店頭】,1,19800,19800
R001506,2024-11-30,P179,マーナ シュパット エコバッグ L,1,1980,1980
R001507,2024-11-30,P130,デロンギ コーヒーメーカー マグニフィカS【閉店セール】,1,59800,59800
R001508,2024-11-30,P198,プランター 菜園キット 土・種付き［期間限定］,2,2480,4960
R001509,2024-11-30,P137,コールマン ツーリングドームテント＜期間限定＞,2,22800,45600
R001510,2024-11-30,P107,Ring ビデオドアベル【半額セール】,1,18800,18800
R001511,2024-11-30,P048,花王 ソフィ 洗濯柔軟剤【店頭】,8,300,2400
R001512,2024-12-01,P051,ユニクロ スウェットパーカー（半額セール）,2,2500,5000
R001513,2024-12-01,P048,花王 ソフィ 洗濯柔軟剤,4,300,1200
R001514,2024-12-02,P152,GEX ハムスターケージ,2,4980,9960
R001515,2024-12-02,P135,アシックス ランニングシューズ GEL-KAYANO[期間限定],1,15800,15800
R001516,2024-12-02,P035,ヤクルト 1000【閉店セール】,5,250,1250
R001517,2024-12-02,P154,パンパース おむつ テープ 新生児 114枚【半額セール】,5,2180,10900
R001518,2024-12-03,P044,資生堂 TSUBAKIシャンプー【店頭】【半額セール】,1,1200,1200
R001519,2024-12-03,P128,ティファール 電気ケトル 1.2L＜期間限定＞,1,4980,4980
R001520,2024-12-03,P145,ロイヤルカナン ドッグフード 3kg,4,4280,17120
R001521,2024-12-04,P168,宮崎県産 完熟マンゴー 2個,2,7800,15600
R001522,2024-12-04,P171,鹿児島黒豚 しゃぶしゃぶ用 500g【店頭】,2,4800,9600
R001523,2024-12-04,P061,Pentel EnerGel（ネット）,7,180,1260
R001524,2024-12-05,P042,ユニ・チャーム ソフィ（半額セール）,4,350,1400
R001525,2024-12-05,P041,カゴメ トマトジュース,10,180,1800
R001526,2024-12-05,P122,DHC ビタミンC 60日分（ネット）,10,580,5800
R001527,2024-12-05,P009,パイロット フリクションボールペン＜半額セール＞,8,100,800
R001528,2024-12-06,P196,TONE 工具セット 56点（半額セール）,2,14800,29600
R001529,2024-12-06,P104,iRobot ルンバ i5 ロボット掃除機（半額セール）,2,49800,99600
R001530,2024-12-06,P060,トンボ鉛筆 モノ消しゴム【閉店セール】,8,100,800
R001531,2024-12-06,P091,シャープ スマートフォン AQUOS R6（ネット）,1,70000,70000
R001532,2024-12-06,P120,日食 プレミアムピュアオートミール 300g,3,498,1494
R001533,2024-12-06,P195,パキラ 観葉植物 8号鉢【半額セール】,1,4980,4980
R001534,2024-12-06,P153,コンビ ベビーカー スゴカルα【期間限定】,2,39800,79600
R001535,2024-12-07,P013,ライオン レノアハピネス（ネット）,1,500,500
R001536,2024-12-07,P143,ダイワ 釣り竿 スピニングロッド【店頭】＜期間限定＞,1,12800,12800
R001537,2024-12-08,P111,ヤーマン 美顔器 フォトプラス,1,39800,39800
R001538,2024-12-08,P172,三陸産 生ウニ 100g,2,5980,11960
R001539,2024-12-08,P139,カリマー 登山リュック 30L［期間限定］,1,18800,18800
R001540,2024-12-08,P165,博多久松 おせち料理セット 三段重,1,15800,15800
R001541,2024-12-08,P146,花王 ニャンとも清潔トイレセット【店頭】＜半額セール＞,3,3980,11940
R001542,2024-12-08,P145,ロイヤルカナン ドッグフード 3kg,2,4280,8560
R001543,2024-12-08,P076,パナソニック ポータブルスピーカー【閉店セール】,2,6000,12000
R001544,2024-12-09,P180,竹歯ブラシ 4本セット（ネット）,3,980,2940
R001545,2024-12-09,P192,ワイン頒布会 赤白2本セット[半額セール],1,6800,6800
R001546,2024-12-09,P036,ハウス食品 カレールウ【店頭】＜期間限定＞,4,300,1200
R001547,2024-12-09,P144,コールマン 寝袋 マルチレイヤースリーピングバッグ[期間限定],3,8800,26400
R001548,2024-12-09,P009,パイロット フリクションボールペン＜半額セール＞,7,100,700
R001549,2024-12-11,P005,キリン 一番搾りビール（半額セール）,3,400,1200
R001550,2024-12-11,P047,カネボウ ハンドクリーム,2,700,1400
R001551,2024-12-12,P104,iRobot ルンバ i5 ロボット掃除機,1,49800,49800
R001552,2024-12-12,P102,Nature Remo IoT温度センサー【半額セール】,5,3980,19900
R001553,2024-12-12,P179,マーナ シュパット エコバッグ L,5,1980,9900
R001554,2024-12-12,P195,パキラ 観葉植物 8号鉢【店頭】［期間限定］,4,4980,19920
R001555,2024-12-12,P036,ハウス食品 カレールウ【半額セール】,4,300,1200
R001556,2024-12-12,P053,ユニクロ ストレッチジャケット（期間限定）,1,3500,3500
R001557,2024-12-12,P154,パンパース おむつ テープ 新生児 114枚,1,2180,2180
R001558,2024-12-12,P060,トンボ鉛筆 モノ消しゴム【店頭】,1,100,100
R001559,2024-12-13,P067,バンダイ たまごっち【閉店セール】,3,1200,3600
R001560,2024-12-13,P116,ブラウン メンズシェーバー シリーズ9【店頭】,1,24800,24800
R001561,2024-12-13,P004,日清 カップヌードル,9,200,1800
R001562,2024-12-13,P145,ロイヤルカナン ドッグフード 3kg［期間限定］,5,4280,21400
R001563,2024-12-13,P057,三菱鉛筆 ユニ【店頭】［期間限定］,10,120,1200
R001564,2024-12-13,P114,オムロン 血圧計 上腕式,2,7980,15960
R001565,2024-12-14,P109,タニタ 体組成計 インナースキャンデュアル【半額セール】,2,9800,19600
R001566,2024-12-15,P032,京セラ DS-300［期間限定］,3,45000,135000
R001567,2024-12-15,P141,モンベル トレッキングポール【店頭】［期間限定］,4,6980,27920
R001568,2024-12-15,P103,SwitchBot スマートロック Pro【店頭】＜期間限定＞,1,12800,12800
R001569,2024-12-16,P197,高儀 電動丸ノコ＜半額セール＞,2,8980,17960
R001570,2024-12-16,P128,ティファール 電気ケトル 1.2L,1,4980,4980
R001571,2024-12-16,P165,博多久松 おせち料理セット 三段重,2,15800,31600
R001572,2024-12-16,P175,テンピュール ネックピロー【店頭】＜半額セール＞,1,5980,5980
R001573,2024-12-16,P139,カリマー 登山リュック 30L［期間限定］,1,18800,18800
R001574,2024-12-16,P060,トンボ鉛筆 モノ消しゴム,5,100,500
R001575,2024-12-16,P170,京都宇治 抹茶スイーツ詰め合わせ[半額セール],3,3200,9600
R001576,2024-12-16,P122,DHC ビタミンC 60日分［期間限定］,6,580,3480
R001577,2024-12-17,P050,無印良品 ウールブレンドコート【期間限定】,5,5000,25000
R001578,2024-12-17,P129,象印 ホットプレート やきやき,2,12800,25600
R001579,2024-12-17,P063,ぺんてる シャープペンシル,5,160,800
R001580,2024-12-17,P052,無印良品 リネンシャツ【店頭】＜半額セール＞,4,2800,11200
R001581,2024-12-17,P047,カネボウ ハンドクリーム,2,700,1400
R001582,2024-12-17,P037,マルちゃん 正麺[期間限定],8,250,2000
R001583,2024-12-17,P128,ティファール 電気ケトル 1.2L［期間限定］,2,4980,9960
R001584,2024-12-17,P129,象印 ホットプレート やきやき［期間限定］,1,12800,12800
R001585,2024-12-18,P116,ブラウン メンズシェーバー シリーズ9[期間限定],1,24800,24800
R001586,2024-12-19,P139,カリマー 登山リュック 30L[期間限定],2,18800,37600
R001587,2024-12-19,P133,アイリスオーヤマ 電気圧力鍋[半額セール],1,13800,13800
R001588,2024-12-19,P123,大塚製薬 ネイチャーメイド 鉄分【店頭】［期間限定］,2,980,1960
R001589,2024-12-19,P075,ソニー ワイヤレススピーカー SRS-XB12,3,8000,24000
R001590,2024-12-19,P051,ユニクロ スウェットパーカー,2,2500,5000
R001591,2024-12-20,P103,SwitchBot スマートロック Pro,2,12800,25600
R001592,2024-12-20,P142,ザノースフェイス レインジャケット,1,19800,19800
R001593,2024-12-20,P160,西松屋 ベビーバスチェア,2,2480,4960
R001594,2024-12-21,P119,ヤクルト 青汁のめぐり 30袋【店頭】＜半額セール＞,1,1980,1980
R001595,2024-12-21,P106,SwitchBot カーテン自動開閉,4,7980,31920
R001596,2024-12-21,P007,ユニクロ ヒートテックTシャツ（期間限定）,2,1500,3000
R001597,2024-12-21,P036,ハウス食品 カレールウ（半額セール）,5,300,1500
R001598,2024-12-21,P107,Ring ビデオドアベル＜期間限定＞,1,18800,18800
R001599,2024-12-22,P119,ヤクルト 青汁のめぐり 30袋,4,1980,7920
R001600,2024-12-22,P130,デロンギ コーヒーメーカー マグニフィカS【店頭】＜期間限定＞,1,59800,59800
R001601,2024-12-22,P133,アイリスオーヤマ 電気圧力鍋[期間限定],1,13800,13800
R001602,2024-12-22,P116,ブラウン メンズシェーバー シリーズ9,1,24800,24800
R001603,2024-12-22,P056,パイロット G2 ジェルペン（ネット）,5,150,750
R001604,2024-12-22,P125,森永 おいしいコラーゲンドリンク 12本,3,2980,8940
R001605,2024-12-23,P101,Echo Dot スマートスピーカー［期間限定］,2,5980,11960
R001606,2024-12-23,P083,パナソニック 冷蔵庫 NR-F603M,1,90000,90000
R001607,2024-12-24,P164,銀座千疋屋 クリスマスケーキ,5,5400,27000
R001608,2024-12-24,P146,花王 ニャンとも清潔トイレセット【半額セール】,3,3980,11940
R001609,2024-12-24,P096,ニコン Z6 II【店頭】［期間限定］,1,200000,200000
R001610,2024-12-24,P037,マルちゃん 正麺【店頭】［期間限定］,7,250,1750
R001611,2024-12-25,P163,有機野菜セット 10品目【店頭】＜期間限定＞,5,3280,16400
R001612,2024-12-25,P116,ブラウン メンズシェーバー シリーズ9【店頭】,2,24800,49600
R001613,2024-12-26,P038,江崎グリコ ポッキー【店頭】＜期間限定＞,3,150,450
R001614,2024-12-26,P076,パナソニック ポータブルスピーカー【閉店セール】,3,6000,18000
R001615,2024-12-26,P072,バンダイ スーパーロボットアクションフィギュア【店頭】＜半額セール＞,4,4000,16000
R001616,2024-12-26,P192,ワイン頒布会 赤白2本セット（半額セール）,2,6800,13600
R001617,2024-12-27,P036,ハウス食品 カレールウ＜期間限定＞,3,300,900
R001618,2024-12-27,P180,竹歯ブラシ 4本セット【店頭】,4,980,3920
R001619,2024-12-27,P051,ユニクロ スウェットパーカー,1,2500,2500
R001620,2024-12-27,P045,大正製薬 サロンパス＜半額セール＞,8,400,3200
R001621,2024-12-27,P200,花ごころ 培養土 25L & 肥料セット【店頭】,2,1480,2960
R001622,2024-12-28,P040,クラシエ サッポロ一番【店頭】,5,210,1050
R001623,2024-12-28,P163,有機野菜セット 10品目（期間限定）,5,3280,16400
R001624,2024-12-28,P059,ゼブラ マイルドライナー＜期間限定＞,5,180,900
R001625,2024-12-29,P045,大正製薬 サロンパス＜半額セール＞,9,400,3600
R001626,2024-12-29,P038,江崎グリコ ポッキー【店頭】＜期間限定＞,6,150,900
R001627,2024-12-29,P122,DHC ビタミンC 60日分［期間限定］,8,580,4640
R001628,2024-12-29,P142,ザノースフェイス レインジャケット[半額セール],1,19800,19800
R001629,2024-12-30,P146,花王 ニャンとも清潔トイレセット（半額セール）,2,3980,7960
R001630,2024-12-30,P137,コールマン ツーリングドームテント【店頭】＜半額セール＞,2,22800,45600
R001631,2024-12-30,P128,ティファール 電気ケトル 1.2L【店頭】［期間限定］,2,4980,9960
R001632,2024-12-31,P077,シャープ スマートウォッチ,1,18000,18000
R001633,2024-12-31,P018,シャープ 加湿器 HX-50＜期間限定＞,1,15000,15000
R001634,2024-12-31,P083,パナソニック 冷蔵庫 NR-F603M【店頭】【半額セール】,1,90000,90000
R001635,2024-12-31,P200,花ごころ 培養土 25L & 肥料セット,2,1480,2960
R001636,2024-12-31,P125,森永 おいしいコラーゲンドリンク 12本＜半額セール＞,3,2980,8940
R001637,2025-01-01,P129,象印 ホットプレート やきやき[期間限定],3,12800,38400
R001638,2025-01-01,P020,パナソニック 掃除機 MC-CL883＜期間限定＞,1,75000,75000
R001639,2025-01-01,P037,マルちゃん 正麺【店頭】,5,250,1250
R001640,2025-01-01,P137,コールマン ツーリングドームテント,1,22800,22800
R001641,2025-01-02,P062,パイロット フリクションペン（ネット）,7,130,910
R001642,2025-01-03,P197,高儀 電動丸ノコ【店頭】［期間限定］,3,8980,26940
R001643,2025-01-03,P059,ゼブラ マイルドライナー,1,180,180
R001644,2025-01-03,P179,マーナ シュパット エコバッグ L【期間限定】,3,1980,5940
R001645,2025-01-04,P119,ヤクルト 青汁のめぐり 30袋【店頭】＜期間限定＞,2,1980,3960
R001646,2025-01-04,P005,キリン 一番搾りビール（ネット）,1,400,400
R001647,2025-01-05,P065,プラス カラーペンセット【期間限定】,8,250,2000
R001648,2025-01-05,P102,Nature Remo IoT温度センサー【期間限定】,4,3980,15920
R001649,2025-01-05,P004,日清 カップヌードル【店頭】＜期間限定＞,4,200,800
R001650,2025-01-05,P041,カゴメ トマトジュース（ネット）,3,180,540
R001651,2025-01-06,P114,オムロン 血圧計 上腕式,3,7980,23940
R001652,2025-01-06,P046,ロート製薬 ムヒ【店頭】【半額セール】,10,500,5000
R001653,2025-01-06,P161,松坂牛 サーロインステーキ 200g【店頭】,2,8800,17600
R001654,2025-01-07,P060,トンボ鉛筆 モノ消しゴム【店頭】＜期間限定＞,3,100,300
R001655,2025-01-07,P196,TONE 工具セット 56点,2,14800,29600
R001656,2025-01-07,P165,博多久松 おせち料理セット 三段重（ネット）,1,15800,15800
R001657,2025-01-07,P039,ロッテ ガーナミルクチョコレート,8,180,1440
R001658,2025-01-08,P152,GEX ハムスターケージ【店頭】［期間限定］,3,4980,14940
R001659,2025-01-08,P185,ソーラーチャージャー 折りたたみ式【店頭】＜半額セール＞,1,5980,5980
R001660,2025-01-08,P184,エコ洗剤 ハッピーエレファント 詰替用,3,598,1794
R001661,2025-01-08,P043,P&G アリエール洗濯洗剤【半額セール】,8,800,6400
R001662,2025-01-09,P136,Manduka ヨガマット PRO 6mm,2,14800,29600
R001663,2025-01-09,P054,GU Tシャツ【店頭】［期間限定］,2,1200,2400
R001664,2025-01-09,P066,タカラトミー プラレール[半額セール],4,2800,11200
R001665,2025-01-09,P005,キリン 一番搾りビール,9,400,3600
R001666,2025-01-09,P030,エプソン エコタンク ET-2750【店頭】［期間限定］,2,35000,70000
R001667,2025-01-10,P004,日清 カップヌードル[半額セール],9,200,1800
R001668,2025-01-10,P045,大正製薬 サロンパス（期間限定）,10,400,4000
R001669,2025-01-10,P084,シャープ 空気清浄機【閉店セール】,2,22000,44000
R001670,2025-01-10,P008,無印良品 オーガニックコットンシャツ＜期間限定＞,2,2500,5000
R001671,2025-01-11,P160,西松屋 ベビーバスチェア【店頭】＜期間限定＞,1,2480,2480
R001672,2025-01-11,P047,カネボウ ハンドクリーム【店頭】,2,700,1400
R001673,2025-01-12,P047,カネボウ ハンドクリーム,3,700,2100
R001674,2025-01-13,P035,ヤクルト 1000,4,250,1000
R001675,2025-01-13,P050,無印良品 ウールブレンドコート【閉店セール】,1,5000,5000
R001676,2025-01-13,P166,築地直送 本マグロ 中トロ 300g［期間限定］,2,6800,13600
R001677,2025-01-14,P012,明治 ミルクチョコレート,6,150,900
R001678,2025-01-14,P186,オーガニックコットン タオルセット【期間限定】,1,3480,3480
R001679,2025-01-14,P164,銀座千疋屋 クリスマスケーキ【店頭】,2,5400,10800
R001680,2025-01-14,P124,味の素 アミノバイタル プロ 30本,4,3680,14720
R001681,2025-01-14,P152,GEX ハムスターケージ【店頭】＜半額セール＞,3,4980,14940
R001682,2025-01-15,P176,地球の歩き方 旅行ガイドブック[期間限定],1,1980,1980
R001683,2025-01-15,P186,オーガニックコットン タオルセット【期間限定】,1,3480,3480
R001684,2025-01-15,P142,ザノースフェイス レインジャケット【閉店セール】,1,19800,19800
R001685,2025-01-16,P008,無印良品 オーガニックコットンシャツ[半額セール],1,2500,2500
R001686,2025-01-16,P152,GEX ハムスターケージ（ネット）,3,4980,14940
R001687,2025-01-17,P195,パキラ 観葉植物 8号鉢【店頭】［期間限定］,3,4980,14940
R001688,2025-01-18,P176,地球の歩き方 旅行ガイドブック[半額セール],3,1980,5940
R001689,2025-01-18,P007,ユニクロ ヒートテックTシャツ[半額セール],2,1500,3000
R001690,2025-01-18,P137,コールマン ツーリングドームテント【店頭】＜半額セール＞,3,22800,68400
R001691,2025-01-18,P030,エプソン エコタンク ET-2750【店頭】＜半額セール＞,1,35000,35000
R001692,2025-01-20,P115,パナソニック 目もとエステ【店頭】＜期間限定＞,2,15800,31600
R001693,2025-01-20,P156,コンビ チャイルドシート クルムーヴ【閉店セール】,1,38800,38800
R001694,2025-01-20,P195,パキラ 観葉植物 8号鉢【店頭】＜半額セール＞,2,4980,9960
R001695,2025-01-21,P118,ネイチャーメイド マルチビタミン 100粒[期間限定],2,1580,3160
R001696,2025-01-21,P066,タカラトミー プラレール【半額セール】,2,2800,5600
R001697,2025-01-21,P015,森永 エンゼルパイ【期間限定】,5,300,1500
R001698,2025-01-21,P030,エプソン エコタンク ET-2750［期間限定］,1,35000,35000
R001699,2025-01-22,P147,ユリウス K9 犬用ハーネス＜期間限定＞,2,7980,15960
R001700,2025-01-23,P012,明治 ミルクチョコレート＜期間限定＞,1,150,150
R001701,2025-01-23,P009,パイロット フリクションボールペン（期間限定）,5,100,500
R001702,2025-01-23,P064,クラフトマン ボールペン【店頭】,5,150,750
R001703,2025-01-23,P149,チャオ ちゅ〜る バラエティ 50本【店頭】,2,1980,3960
R001704,2025-01-24,P183,みつろうラップ 3枚セット【店頭】【半額セール】,2,2480,4960
R001705,2025-01-24,P163,有機野菜セット 10品目（ネット）,3,3280,9840
R001706,2025-01-24,P150,アイリスオーヤマ ペット用自動給水器,3,2980,8940
R001707,2025-01-25,P147,ユリウス K9 犬用ハーネス【店頭】＜期間限定＞,2,7980,15960
R001708,2025-01-26,P089,マイクロソフト Xbox Series X（ネット）,2,55000,110000
R001709,2025-01-26,P199,BOSCH レーザー距離計＜半額セール＞,1,7980,7980
R001710,2025-01-26,P166,築地直送 本マグロ 中トロ 300g【半額セール】,3,6800,20400
R001711,2025-01-26,P137,コールマン ツーリングドームテント＜期間限定＞,1,22800,22800
R001712,2025-01-26,P014,三菱エアコン MSZ-GV3519,1,90000,90000
R001713,2025-01-27,P013,ライオン レノアハピネス【店頭】,7,500,3500
R001714,2025-01-28,P063,ぺんてる シャープペンシル,7,160,1120
R001715,2025-01-29,P112,ドクターエア マッサージガン【店頭】【半額セール】,1,14800,14800
R001716,2025-01-30,P150,アイリスオーヤマ ペット用自動給水器［期間限定］,3,2980,8940
R001717,2025-02-01,P047,カネボウ ハンドクリーム＜半額セール＞,5,700,3500
R001718,2025-02-01,P021,東芝 ノンフロン冷蔵庫【期間限定】,1,85000,85000
R001719,2025-02-02,P140,アディダス スポーツウェア 上下セット,2,8980,17960
R001720,2025-02-02,P129,象印 ホットプレート やきやき＜半額セール＞,2,12800,25600
R001721,2025-02-03,P102,Nature Remo IoT温度センサー[期間限定],2,3980,7960
R001722,2025-02-03,P057,三菱鉛筆 ユニ,3,120,360
R001723,2025-02-03,P050,無印良品 ウールブレンドコート[期間限定],3,5000,15000
R001724,2025-02-03,P121,明治 アミノコラーゲン 200g,3,2480,7440
R001725,2025-02-04,P106,SwitchBot カーテン自動開閉【店頭】＜半額セール＞,3,7980,23940
R001726,2025-02-04,P044,資生堂 TSUBAKIシャンプー【閉店セール】,1,1200,1200
R001727,2025-02-05,P062,パイロット フリクションペン（ネット）,7,130,910
R001728,2025-02-05,P075,ソニー ワイヤレススピーカー SRS-XB12【店頭】,2,8000,16000
R001729,2025-02-05,P053,ユニクロ ストレッチジャケット＜半額セール＞,1,3500,3500
R001730,2025-02-05,P043,P&G アリエール洗濯洗剤【半額セール】,4,800,3200
R001731,2025-02-05,P023,パナソニック エアコン CS-XE＜半額セール＞,1,95000,95000
R001732,2025-02-06,P088,任天堂 SWITCH【半額セール】,2,40000,80000
R001733,2025-02-07,P057,三菱鉛筆 ユニ,9,120,1080
R001734,2025-02-07,P043,P&G アリエール洗濯洗剤＜半額セール＞,5,800,4000
R001735,2025-02-07,P149,チャオ ちゅ〜る バラエティ 50本,5,1980,9900
R001736,2025-02-07,P078,日立 デジタルサイネージ【店頭】,2,95000,190000
R001737,2025-02-08,P182,再生紙ノート A5 5冊パック（期間限定）,7,680,4760
R001738,2025-02-08,P112,ドクターエア マッサージガン,1,14800,14800
R001739,2025-02-08,P085,日立 炊飯器 RZ-Mシリーズ＜期間限定＞,3,30000,90000
R001740,2025-02-08,P007,ユニクロ ヒートテックTシャツ【期間限定】,3,1500,4500
R001741,2025-02-09,P009,パイロット フリクションボールペン＜期間限定＞,5,100,500
R001742,2025-02-10,P125,森永 おいしいコラーゲンドリンク 12本＜期間限定＞,5,2980,14900
R001743,2025-02-10,P164,銀座千疋屋 クリスマスケーキ【店頭】＜期間限定＞,5,5400,27000
R001744,2025-02-11,P004,日清 カップヌードル（ネット）,9,200,1800
R001745,2025-02-11,P051,ユニクロ スウェットパーカー＜半額セール＞,2,2500,5000
R001746,2025-02-11,P194,アイリスオーヤマ ガーデニングツール 10点セット（半額セール）,2,3980,7960
R001747,2025-02-12,P018,シャープ 加湿器 HX-50［期間限定］,1,15000,15000
R001748,2025-02-12,P043,P&G アリエール洗濯洗剤,4,800,3200
R001749,2025-02-12,P052,無印良品 リネンシャツ［期間限定］,1,2800,2800
R001750,2025-02-12,P153,コンビ ベビーカー スゴカルα,1,39800,39800
R001751,2025-02-12,P063,ぺんてる シャープペンシル【店頭】＜半額セール＞,4,160,640
R001752,2025-02-13,P038,江崎グリコ ポッキー,8,150,1200
R001753,2025-02-13,P160,西松屋 ベビーバスチェア[半額セール],2,2480,4960
R001754,2025-02-14,P105,Philips Hue スマート照明スターターキット,2,9800,19600
R001755,2025-02-14,P051,ユニクロ スウェットパーカー＜半額セール＞,1,2500,2500
R001756,2025-02-14,P071,バンダイ デジモンカード,7,500,3500
R001757,2025-02-14,P168,宮崎県産 完熟マンゴー 2個【店頭】,5,7800,39000
R001758,2025-02-15,P046,ロート製薬 ムヒ【店頭】【半額セール】,8,500,4000
R001759,2025-02-15,P161,松坂牛 サーロインステーキ 200g（期間限定）,2,8800,17600
R001760,2025-02-16,P122,DHC ビタミンC 60日分【閉店セール】,7,580,4060
R001761,2025-02-16,P180,竹歯ブラシ 4本セット[期間限定],6,980,5880
R001762,2025-02-17,P144,コールマン 寝袋 マルチレイヤースリーピングバッグ[期間限定],1,8800,8800
R001763,2025-02-17,P057,三菱鉛筆 ユニ[期間限定],9,120,1080
R001764,2025-02-18,P152,GEX ハムスターケージ[期間限定],2,4980,9960
R001765,2025-02-18,P008,無印良品 オーガニックコットンシャツ【半額セール】,1,2500,2500
R001766,2025-02-19,P195,パキラ 観葉植物 8号鉢（半額セール）,4,4980,19920
R001767,2025-02-19,P029,キャノン PIXMA iX6820,2,25000,50000
R001768,2025-02-20,P140,アディダス スポーツウェア 上下セット【店頭】［期間限定］,5,8980,44900
R001769,2025-02-20,P004,日清 カップヌードル,9,200,1800
R001770,2025-02-20,P200,花ごころ 培養土 25L & 肥料セット＜期間限定＞,2,1480,2960
R001771,2025-02-20,P111,ヤーマン 美顔器 フォトプラス[半額セール],1,39800,39800
R001772,2025-02-20,P119,ヤクルト 青汁のめぐり 30袋【期間限定】,2,1980,3960
R001773,2025-02-21,P120,日食 プレミアムピュアオートミール 300g,2,498,996
R001774,2025-02-21,P165,博多久松 おせち料理セット 三段重[半額セール],2,15800,31600
R001775,2025-02-22,P186,オーガニックコットン タオルセット,3,3480,10440
R001776,2025-02-22,P174,無印良品風 トラベルポーチ 3点セット【閉店セール】,2,2480,4960
R001777,2025-02-22,P179,マーナ シュパット エコバッグ L[半額セール],3,1980,5940
R001778,2025-02-23,P104,iRobot ルンバ i5 ロボット掃除機,1,49800,49800
R001779,2025-02-23,P039,ロッテ ガーナミルクチョコレート＜期間限定＞,6,180,1080
R001780,2025-02-24,P013,ライオン レノアハピネス,3,500,1500
R001781,2025-02-24,P180,竹歯ブラシ 4本セット【半額セール】,1,980,980
R001782,2025-02-24,P182,再生紙ノート A5 5冊パック,8,680,5440
R001783,2025-02-25,P008,無印良品 オーガニックコットンシャツ,1,2500,2500
R001784,2025-02-25,P052,無印良品 リネンシャツ＜半額セール＞,1,2800,2800
R001785,2025-02-25,P124,味の素 アミノバイタル プロ 30本＜半額セール＞,2,3680,7360
R001786,2025-02-25,P155,くもん 知育玩具 くみくみスロープ,4,4280,17120
R001787,2025-02-25,P151,ドギーマン おさんぽリード【店頭】［期間限定］,3,1480,4440
R001788,2025-02-26,P038,江崎グリコ ポッキー（期間限定）,10,150,1500
R001789,2025-02-27,P141,モンベル トレッキングポール【期間限定】,1,6980,6980
R001790,2025-02-27,P012,明治 ミルクチョコレート,3,150,450
R001791,2025-02-27,P161,松坂牛 サーロインステーキ 200g,2,8800,17600
R001792,2025-02-27,P036,ハウス食品 カレールウ【半額セール】,10,300,3000
R001793,2025-02-28,P021,東芝 ノンフロン冷蔵庫,2,85000,170000
R001794,2025-02-28,P111,ヤーマン 美顔器 フォトプラス,3,39800,119400
R001795,2025-03-01,P066,タカラトミー プラレール【期間限定】,2,2800,5600
R001796,2025-03-02,P169,北海道十勝 ラクレットチーズ 300g,1,2480,2480
R001797,2025-03-02,P150,アイリスオーヤマ ペット用自動給水器【店頭】,3,2980,8940
R001798,2025-03-02,P130,デロンギ コーヒーメーカー マグニフィカS【半額セール】,1,59800,59800
R001799,2025-03-02,P122,DHC ビタミンC 60日分［期間限定］,10,580,5800
R001800,2025-03-03,P139,カリマー 登山リュック 30L＜期間限定＞,1,18800,18800
R001801,2025-03-03,P154,パンパース おむつ テープ 新生児 114枚【店頭】【半額セール】,2,2180,4360
R001802,2025-03-05,P131,シャープ ヘルシオ ホットクック（期間限定）,2,42800,85600
R001803,2025-03-05,P176,地球の歩き方 旅行ガイドブック,1,1980,1980
R001804,2025-03-05,P015,森永 エンゼルパイ（ネット）,1,300,300
R001805,2025-03-06,P182,再生紙ノート A5 5冊パック（半額セール）,4,680,2720
R001806,2025-03-06,P116,ブラウン メンズシェーバー シリーズ9【期間限定】,1,24800,24800
R001807,2025-03-06,P037,マルちゃん 正麺［期間限定］,4,250,1000
R001808,2025-03-07,P004,日清 カップヌードル【店頭】＜期間限定＞,5,200,1000
R001809,2025-03-07,P196,TONE 工具セット 56点【店頭】＜期間限定＞,1,14800,14800
R001810,2025-03-08,P114,オムロン 血圧計 上腕式＜半額セール＞,3,7980,23940
R001811,2025-03-08,P044,資生堂 TSUBAKIシャンプー【店頭】【半額セール】,1,1200,1200
R001812,2025-03-09,P120,日食 プレミアムピュアオートミール 300g【店頭】【半額セール】,1,498,498
R001813,2025-03-09,P047,カネボウ ハンドクリーム【店頭】＜期間限定＞,8,700,5600
R001814,2025-03-10,P118,ネイチャーメイド マルチビタミン 100粒[期間限定],3,1580,4740
R001815,2025-03-10,P144,コールマン 寝袋 マルチレイヤースリーピングバッグ【店頭】＜期間限定＞,1,8800,8800
R001816,2025-03-10,P149,チャオ ちゅ〜る バラエティ 50本,2,1980,3960
R001817,2025-03-10,P170,京都宇治 抹茶スイーツ詰め合わせ【店頭】＜半額セール＞,2,3200,6400
R001818,2025-03-11,P047,カネボウ ハンドクリーム,3,700,2100
R001819,2025-03-12,P034,サントリー ザ・プレミアムモルツ[半額セール],6,500,3000
R001820,2025-03-12,P149,チャオ ちゅ〜る バラエティ 50本,3,1980,5940
R001821,2025-03-12,P012,明治 ミルクチョコレート【店頭】＜期間限定＞,5,150,750
R001822,2025-03-12,P177,ゼロハリバートン アタッシュケース【店頭】【半額セール】,1,19800,19800
R001823,2025-03-13,P059,ゼブラ マイルドライナー【半額セール】,6,180,1080
R001824,2025-03-13,P057,三菱鉛筆 ユニ（ネット）,9,120,1080
R001825,2025-03-13,P108,TP-Link スマートプラグ 2個セット【店頭】,3,3200,9600
R001826,2025-03-14,P119,ヤクルト 青汁のめぐり 30袋＜期間限定＞,2,1980,3960
R001827,2025-03-14,P008,無印良品 オーガニックコットンシャツ【半額セール】,2,2500,5000
R001828,2025-03-14,P197,高儀 電動丸ノコ（ネット）,2,8980,17960
R001829,2025-03-15,P139,カリマー 登山リュック 30L,2,18800,37600
R001830,2025-03-15,P184,エコ洗剤 ハッピーエレファント 詰替用（ネット）,1,598,598
